Date,0,10000,20000,30000,40000,50000,60000,70000,80000,90000,100000
1/1/2011 0:00,16500,16500,16500,16500,16500,16500,16500,16500,16500,16500,16500
1/2/2011 0:00,16500,16500,16500,16500,16500,16500,16500,16500,16500,16500,16500
1/3/2011 0:00,16500,16500,16500,16500,16500,16500,16500,16500,16500,16500,16500
1/4/2011 0:00,16500,16500,16500,16500,16500,16500,16500,16500,16500,16500,16500
1/5/2011 0:00,16500,16500,16500,16500,16500,16500,16500,16500,16500,16500,16500
1/6/2011 0:00,16500,16500,16500,16500,16500,16500,16500,16500,16500,16500,16500
1/7/2011 0:00,16500,16500,16500,16500,16500,16500,16500,16500,16500,16500,16500
1/8/2011 0:00,16500,16500,16500,16500,16500,16500,16500,16500,16500,16500,16500
1/9/2011 0:00,16500,16500,16500,16500,16500,16500,16500,16500,16500,16500,16500
1/10/2011 0:00,16500,16500,16500,16500,16500,16500,16500,16500,16500,16500,16500
1/11/2011 0:00,16500,16500,16500,16500,16500,16500,16500,16500,16500,16500,16500
1/12/2011 0:00,16500,16500,16500,16500,16500,16500,16500,16500,16500,16500,16500
1/13/2011 0:00,16500,16500,16500,16500,16500,16500,16500,16500,16500,16500,16500
1/14/2011 0:00,16500,16500,16500,16500,16500,16500,16500,16500,16500,16500,16500
1/15/2011 0:00,16500,16500,16500,16500,16500,16500,16500,16500,16500,16500,16500
1/16/2011 0:00,16500,16500,16500,16500,16500,16500,16500,16500,16500,16500,16500
1/17/2011 0:00,16500,16500,16500,16500,16500,16500,16500,16500,16500,16500,16500
1/18/2011 0:00,16500,16500,16500,16500,16500,16500,16500,16500,16500,16500,16500
1/19/2011 0:00,16500,16500,16500,16500,16500,16500,16500,16500,16500,16500,16500
1/20/2011 0:00,16500,16500,16500,16500,16500,16500,16500,16500,16500,16500,16500
1/21/2011 0:00,16500,16500,16500,16500,16500,16500,16500,16500,16500,16500,16500
1/22/2011 0:00,16500,16500,16500,16500,16500,16500,16500,16500,16500,16500,16500
1/23/2011 0:00,16500,16500,16500,16500,16500,16500,16500,16500,16500,16500,16500
1/24/2011 0:00,16500,16500,16500,16500,16500,16500,16500,16500,16500,16500,16500
1/25/2011 0:00,16500,16500,16500,16500,16500,16500,16500,16500,16500,16500,16500
1/26/2011 0:00,16500,16500,16500,16500,16500,16500,16500,16500,16500,16500,16500
1/27/2011 0:00,16500,16500,16500,16500,16500,16500,16500,16500,16500,16500,16500
1/28/2011 0:00,16500,16500,16500,16500,16500,16500,16500,16500,16500,16500,16500
1/29/2011 0:00,16500,16500,16500,16500,16500,16500,16500,16500,16500,16500,16500
1/30/2011 0:00,16500,16500,16500,16500,16500,16500,16500,16500,16500,16500,16500
1/31/2011 0:00,16500,16500,16500,16500,16500,16500,16500,16500,16500,16500,16500
2/1/2011 0:00,0,0,2440.133821,4954.79971,7185.478066,9551.968995,11707.5743,13983.88599,16164.11944,16500,16500
2/2/2011 0:00,0,0,2500.295051,5014.503935,7243.99505,9607.550399,11765.59786,14045.5046,16223.45064,16500,16500
2/3/2011 0:00,0,0,2560.126057,5074.146847,7302.474507,9663.40436,11823.75956,14106.79896,16282.98604,16500,16500
2/4/2011 0:00,0,0,2619.645614,5133.7295,7360.91749,9719.500704,11882.02272,14167.76174,16342.78356,16500,16500
2/5/2011 0:00,0,0,2678.872069,5193.252947,7419.325054,9775.811481,11940.35332,14228.38876,16402.90475,16500,16500
2/6/2011 0:00,0,0,2737.823345,5252.718243,7477.698252,9832.310894,11998.72002,14288.67896,16463.41471,16500,16500
2/7/2011 0:00,0,0,2796.516938,5312.126442,7536.038138,9888.975228,12057.09397,14348.6343,16500,16500,16500
2/8/2011 0:00,0,0,2854.969922,5371.478599,7594.345768,9945.782774,12115.44885,14408.25968,16500,16500,16500
2/9/2011 0:00,0,0,2913.198942,5430.775767,7652.622194,10002.71375,12173.7607,14467.56287,16500,16500,16500
2/10/2011 0:00,0,0,2971.220223,5490.019001,7710.868472,10059.75025,12232.00793,14526.55445,16500,16500,16500
2/11/2011 0:00,0,0,3029.049559,5549.209354,7769.085655,10116.87614,12290.17118,14585.24774,16500,16500,16500
2/12/2011 0:00,0,0,3086.702323,5608.347882,7827.274798,10174.07699,12348.23329,14643.6587,16500,16500,16500
2/13/2011 0:00,0,0,3144.193461,5667.435637,7885.436954,10231.34003,12406.17919,14701.80586,16500,16500,16500
2/14/2011 0:00,0,0,3201.537494,5726.473675,7943.573178,10288.65403,12463.99586,14759.71029,16500,16500,16500
2/15/2011 0:00,0,0,3258.74852,5785.463049,8001.684524,10346.00928,12521.67225,14817.39546,16500,16500,16500
2/16/2011 0:00,0,0,3315.840207,5844.404814,8059.772047,10403.39747,12579.19918,14874.88721,16500,16500,16500
2/17/2011 0:00,0,0,3372.825804,5903.300023,8117.836799,10460.81164,12636.56929,14932.21369,16500,16500,16500
2/18/2011 0:00,0,0,3429.71813,5962.149732,8175.879836,10518.24608,12693.77698,14989.40523,16500,16500,16500
2/19/2011 0:00,0,0,3486.52958,6020.954994,8233.902212,10575.69632,12750.8183,15046.49432,16500,16500,16500
2/20/2011 0:00,0,0,3543.272126,6079.716862,8291.904981,10633.15897,12807.6909,15103.51551,16500,16500,16500
2/21/2011 0:00,0,0,3599.957312,6138.436393,8349.889197,10690.63172,12864.39395,15160.50534,16500,16500,16500
2/22/2011 0:00,0,0,3656.596258,6197.114639,8407.855914,10748.11322,12920.92807,15217.50227,16500,16500,16500
2/23/2011 0:00,0,0,3713.19966,6255.752654,8465.806186,10805.60303,12977.29524,15274.54661,16500,16500,16500
2/24/2011 0:00,0,0,3769.777787,6314.351494,8523.741068,10863.10153,13033.49877,15331.68043,16500,16500,16500
2/25/2011 0:00,0,0,3826.340483,6372.912212,8581.661613,10920.60987,13089.54317,15388.94751,16500,16500,16500
2/26/2011 0:00,0,16.50398293,3882.897169,6431.435862,8639.568877,10978.12988,13145.43412,15446.39325,16500,16500,16500
2/27/2011 0:00,0,76.07989243,3939.456838,6489.923498,8697.463912,11035.66398,13201.17837,15504.0646,16500,16500,16500
2/28/2011 0:00,0,135.4679293,3996.028059,6548.376175,8755.347774,11093.21515,13256.78367,15562.00999,16500,16500,16500
3/1/2011 0:00,0,253.7368381,4109.23731,6665.180868,8871.086192,11208.38278,13367.61308,15678.92355,16500,16500,16500
3/2/2011 0:00,0,312.6448737,4165.890352,6723.534992,8928.942857,11266.0072,13422.85707,15737.9953,16500,16500,16500
3/3/2011 0:00,0,371.4193639,4222.584971,6781.858373,8986.792565,11323.66444,13478.00174,15797.5481,16500,16500,16500
3/4/2011 0:00,0,430.0728277,4279.327611,6840.152065,9044.63637,11381.35903,13533.05878,15857.63668,16500,16500,16500
3/5/2011 0:00,0,488.6173587,4336.124289,6898.417123,9102.475326,11439.09562,13588.04045,15918.31676,16500,16500,16500
3/6/2011 0:00,0,547.0646256,4392.9806,6956.654601,9160.310487,11496.87884,13642.95947,15979.64508,16500,16500,16500
3/7/2011 0:00,0,605.4258719,4449.90171,7014.865553,9218.142908,11554.71331,13697.82902,16041.67921,16500,16500,16500
3/8/2011 0:00,0,663.7119158,4506.892363,7073.051033,9275.973643,11612.6035,13752.66259,16104.47758,16500,16500,16500
3/9/2011 0:00,0,721.9331504,4563.956876,7131.212095,9333.803745,11670.55367,13807.47396,16168.09935,16500,16500,16500
3/10/2011 0:00,0,780.0995438,4621.099141,7189.349793,9391.63427,11728.56782,13862.2771,16232.60433,16500,16500,16500
3/11/2011 0:00,0,838.2206387,4678.322625,7247.465183,9449.46627,11786.64961,13917.08611,16298.05294,16500,16500,16500
3/12/2011 0:00,0,896.3055528,4735.630371,7305.559316,9507.300801,11844.80226,13971.91512,16364.50613,16500,16500,16500
3/13/2011 0:00,0,954.3629786,4793.024996,7363.633249,9565.138916,11903.0285,14026.77827,16432.02528,16500,16500,16500
3/14/2011 0:00,0,1012.401183,4850.50869,7421.688035,9622.981671,11961.33051,14081.68956,16500,16500,16500,16500
3/15/2011 0:00,0,1070.42801,4908.083222,7479.724728,9680.830117,12019.70979,14136.66286,16500,16500,16500,16500
3/16/2011 0:00,0,1128.450874,4965.749932,7537.744383,9738.685311,12078.16716,14191.71177,16500,16500,16500,16500
3/17/2011 0:00,0,1186.476768,5023.509736,7595.748053,9796.548306,12136.70264,14246.84958,16500,16500,16500,16500
3/18/2011 0:00,0,1244.512259,5081.363126,7653.736793,9854.420157,12195.31538,14302.08919,16500,16500,16500,16500
3/19/2011 0:00,0,1302.563489,5139.310168,7711.711657,9912.301917,12254.00359,14357.44303,16500,16500,16500,16500
3/20/2011 0:00,0,1360.636173,5197.350502,7769.673698,9970.19464,12312.76449,14412.92298,16500,16500,16500,16500
3/21/2011 0:00,0,1418.735604,5255.483344,7827.623973,10028.09938,12371.59419,14468.54035,16500,16500,16500,16500
3/22/2011 0:00,0,1476.866646,5313.707485,7885.563533,10086.01719,12430.48767,14524.30571,16500,16500,16500,16500
3/23/2011 0:00,0,1535.033742,5372.021289,7943.493434,10143.94913,12489.43867,14580.2289,16500,16500,16500,16500
3/24/2011 0:00,0,1593.240906,5430.422698,8001.41473,10201.89625,12548.4396,14636.31893,16500,16500,16500,16500
3/25/2011 0:00,0,1651.491729,5488.909225,8059.328475,10259.85961,12607.48154,14692.58389,16500,16500,16500,16500
3/26/2011 0:00,0,1709.789378,5547.477962,8117.235722,10317.84025,12666.55408,14749.0309,16500,16500,16500,16500
3/27/2011 0:00,0,1768.136591,5606.125572,8175.137527,10375.83924,12725.64529,14805.66602,16500,16500,16500,16500
3/28/2011 0:00,0,1826.535685,5664.848295,8233.034944,10433.85762,12784.74167,14862.49418,16500,16500,16500,16500
3/29/2011 0:00,0,1884.988549,5723.641946,8290.929026,10491.89645,12843.828,14919.51911,16500,16500,16500,16500
3/30/2011 0:00,0,1943.496648,5782.501913,8348.820828,10549.95679,12902.88737,14976.74328,16500,16500,16500,16500
3/31/2011 0:00,0,2002.061021,5841.423161,8406.711403,10608.03969,12961.901,15034.16779,16500,16500,16500,16500
4/1/2011 0:00,0,2060.682284,5900.400229,8464.601807,10666.1462,13020.84825,15091.79234,16500,16500,16500,16500
4/2/2011 0:00,0,2119.360625,5959.42723,8522.493093,10724.27738,13079.70649,15149.61511,16500,16500,16500,16500
4/3/2011 0:00,0,2178.095809,6018.497853,8580.386315,10782.43429,13138.45108,15207.63273,16500,16500,16500,16500
4/4/2011 0:00,0,2236.887175,6077.605362,8638.282528,10840.61797,13197.05524,15265.84019,16500,16500,16500,16500
4/5/2011 0:00,0,2295.733636,6136.742594,8696.182786,10898.82947,13255.49001,15324.23075,16500,16500,16500,16500
4/6/2011 0:00,0,2354.633681,6195.901964,8754.088142,10957.06987,13313.72418,15382.79588,16500,16500,16500,16500
4/7/2011 0:00,0,2413.585375,6255.075458,8811.999652,11015.3402,13371.72418,15441.52521,16500,16500,16500,16500
4/8/2011 0:00,0,2472.586354,6314.254639,8869.918369,11073.64152,13429.45406,15500.4064,16500,16500,16500,16500
4/9/2011 0:00,0,2531.633834,6373.430646,8927.845347,11131.97489,13486.87538,15559.42513,16188.67925,16188.67925,16188.67925,16188.67925
4/10/2011 0:00,0,2590.7246,6432.594191,8985.781641,11190.34137,13543.94714,15618.56497,15877.35849,15877.35849,15877.35849,15877.35849
4/11/2011 0:00,0,2649.855017,6491.73556,9043.728304,11248.742,13600.62571,15566.03774,15566.03774,15566.03774,15566.03774,15566.03774
4/12/2011 0:00,0,2709.021023,6550.844617,9101.686392,11307.17783,13656.86477,15254.71698,15254.71698,15254.71698,15254.71698,15254.71698
4/13/2011 0:00,0,2768.218129,6609.910798,9159.656957,11365.64993,13712.61521,14943.39623,14943.39623,14943.39623,14943.39623,14943.39623
4/14/2011 0:00,0,2827.441423,6668.923115,9217.641055,11424.15935,13767.82507,14632.07547,14632.07547,14632.07547,14632.07547,14632.07547
4/15/2011 0:00,0,2886.685568,6727.870155,9275.639739,11482.70714,13822.43948,14320.75472,14320.75472,14320.75472,14320.75472,14320.75472
4/16/2011 0:00,0,2945.944801,6786.740079,9333.654064,11541.29436,13876.40057,14009.43396,14009.43396,14009.43396,14009.43396,14009.43396
4/17/2011 0:00,0,3005.212934,6845.520624,9391.685083,11599.92206,13698.11321,13698.11321,13698.11321,13698.11321,13698.11321,13698.11321
4/18/2011 0:00,0,3064.483353,6904.199101,9449.733851,11658.59129,13386.79245,13386.79245,13386.79245,13386.79245,13386.79245,13386.79245
4/19/2011 0:00,0,3123.74902,6962.762396,9507.801422,11717.30311,13075.4717,13075.4717,13075.4717,13075.4717,13075.4717,13075.4717
4/20/2011 0:00,0,3183.002472,7021.19697,9565.888851,11776.05857,12764.15094,12764.15094,12764.15094,12764.15094,12764.15094,12764.15094
4/21/2011 0:00,0,3242.235819,7079.488858,9623.997191,11834.85873,12452.83019,12452.83019,12452.83019,12452.83019,12452.83019,12452.83019
4/22/2011 0:00,0,3301.440749,7137.623672,9682.127496,11893.70464,12141.50943,12141.50943,12141.50943,12141.50943,12141.50943,12141.50943
4/23/2011 0:00,0,3360.608522,7195.586596,9740.280821,11830.18868,11830.18868,11830.18868,11830.18868,11830.18868,11830.18868,11830.18868
4/24/2011 0:00,0,3419.729975,7253.362391,9798.45822,11518.86792,11518.86792,11518.86792,11518.86792,11518.86792,11518.86792,11518.86792
4/25/2011 0:00,0,3478.795517,7310.935392,9856.660747,11207.54717,11207.54717,11207.54717,11207.54717,11207.54717,11207.54717,11207.54717
4/26/2011 0:00,0,3537.795134,7368.289509,9914.889457,10896.22642,10896.22642,10896.22642,10896.22642,10896.22642,10896.22642,10896.22642
4/27/2011 0:00,0,3596.718387,7425.408227,9973.145402,10584.90566,10584.90566,10584.90566,10584.90566,10584.90566,10584.90566,10584.90566
4/28/2011 0:00,0,3655.554411,7482.274606,10031.42964,10273.58491,10273.58491,10273.58491,10273.58491,10273.58491,10273.58491,10273.58491
4/29/2011 0:00,0,3714.291916,7538.871279,9962.264151,9962.264151,9962.264151,9962.264151,9962.264151,9962.264151,9962.264151,9962.264151
4/30/2011 0:00,0,3772.919187,7595.180457,9650.943396,9650.943396,9650.943396,9650.943396,9650.943396,9650.943396,9650.943396,9650.943396
5/1/2011 0:00,0,3831.424084,7651.183923,9339.622642,9339.622642,9339.622642,9339.622642,9339.622642,9339.622642,9339.622642,9339.622642
5/2/2011 0:00,0,3889.794042,7706.863037,9028.301887,9028.301887,9028.301887,9028.301887,9028.301887,9028.301887,9028.301887,9028.301887
5/3/2011 0:00,0,3948.016068,7762.198731,8716.981132,8716.981132,8716.981132,8716.981132,8716.981132,8716.981132,8716.981132,8716.981132
5/4/2011 0:00,0,4006.07675,7817.171516,8405.660377,8405.660377,8405.660377,8405.660377,8405.660377,8405.660377,8405.660377,8405.660377
5/5/2011 0:00,0,4063.962244,7871.761474,8094.339623,8094.339623,8094.339623,8094.339623,8094.339623,8094.339623,8094.339623,8094.339623
5/6/2011 0:00,0,4121.658285,7783.018868,7783.018868,7783.018868,7783.018868,7783.018868,7783.018868,7783.018868,7783.018868,7783.018868
5/7/2011 0:00,0,4179.150183,7471.698113,7471.698113,7471.698113,7471.698113,7471.698113,7471.698113,7471.698113,7471.698113,7471.698113
5/8/2011 0:00,0,4236.42282,7160.377358,7160.377358,7160.377358,7160.377358,7160.377358,7160.377358,7160.377358,7160.377358,7160.377358
5/9/2011 0:00,0,4293.460655,6849.056604,6849.056604,6849.056604,6849.056604,6849.056604,6849.056604,6849.056604,6849.056604,6849.056604
5/10/2011 0:00,0,4350.247722,6537.735849,6537.735849,6537.735849,6537.735849,6537.735849,6537.735849,6537.735849,6537.735849,6537.735849
5/11/2011 0:00,0,4406.767628,6226.415094,6226.415094,6226.415094,6226.415094,6226.415094,6226.415094,6226.415094,6226.415094,6226.415094
5/12/2011 0:00,0,4463.003558,5915.09434,5915.09434,5915.09434,5915.09434,5915.09434,5915.09434,5915.09434,5915.09434,5915.09434
5/13/2011 0:00,0,4518.938267,5603.773585,5603.773585,5603.773585,5603.773585,5603.773585,5603.773585,5603.773585,5603.773585,5603.773585
5/14/2011 0:00,0,4574.55409,5292.45283,5292.45283,5292.45283,5292.45283,5292.45283,5292.45283,5292.45283,5292.45283,5292.45283
5/15/2011 0:00,0,4629.832934,4981.132075,4981.132075,4981.132075,4981.132075,4981.132075,4981.132075,4981.132075,4981.132075,4981.132075
5/16/2011 0:00,0,4669.811321,4669.811321,4669.811321,4669.811321,4669.811321,4669.811321,4669.811321,4669.811321,4669.811321,4669.811321
5/17/2011 0:00,0,4358.490566,4358.490566,4358.490566,4358.490566,4358.490566,4358.490566,4358.490566,4358.490566,4358.490566,4358.490566
5/18/2011 0:00,0,4047.169811,4047.169811,4047.169811,4047.169811,4047.169811,4047.169811,4047.169811,4047.169811,4047.169811,4047.169811
5/19/2011 0:00,0,3735.849057,3735.849057,3735.849057,3735.849057,3735.849057,3735.849057,3735.849057,3735.849057,3735.849057,3735.849057
5/20/2011 0:00,0,3424.528302,3424.528302,3424.528302,3424.528302,3424.528302,3424.528302,3424.528302,3424.528302,3424.528302,3424.528302
5/21/2011 0:00,0,3113.207547,3113.207547,3113.207547,3113.207547,3113.207547,3113.207547,3113.207547,3113.207547,3113.207547,3113.207547
5/22/2011 0:00,0,2801.886792,2801.886792,2801.886792,2801.886792,2801.886792,2801.886792,2801.886792,2801.886792,2801.886792,2801.886792
5/23/2011 0:00,0,2490.566038,2490.566038,2490.566038,2490.566038,2490.566038,2490.566038,2490.566038,2490.566038,2490.566038,2490.566038
5/24/2011 0:00,0,2179.245283,2179.245283,2179.245283,2179.245283,2179.245283,2179.245283,2179.245283,2179.245283,2179.245283,2179.245283
5/25/2011 0:00,0,0,0,0,0,0,0,0,0,0,0
5/26/2011 0:00,0,0,0,0,0,0,0,0,0,0,0
5/27/2011 0:00,0,0,0,0,0,0,0,0,0,0,0
5/28/2011 0:00,0,0,0,0,0,0,0,0,0,0,0
5/29/2011 0:00,0,0,0,0,0,0,0,0,0,0,0
5/30/2011 0:00,0,0,0,0,0,0,0,0,0,0,0
5/31/2011 0:00,0,0,0,0,0,0,0,0,0,0,0
6/1/2011 0:00,0,0,0,0,0,0,0,0,0,0,0
6/2/2011 0:00,0,0,0,0,0,0,0,0,0,0,0
6/3/2011 0:00,0,0,0,0,0,0,0,0,0,0,0
6/4/2011 0:00,0,0,0,0,0,0,0,0,0,0,0
6/5/2011 0:00,0,0,0,0,0,0,0,0,0,0,0
6/6/2011 0:00,0,0,0,0,0,0,0,0,0,0,0
6/7/2011 0:00,0,0,0,0,0,0,0,0,0,0,0
6/8/2011 0:00,0,0,0,0,0,0,0,0,0,0,0
6/9/2011 0:00,0,0,0,0,0,0,0,0,0,0,0
6/10/2011 0:00,0,0,0,0,0,0,0,0,0,0,0
6/11/2011 0:00,0,0,0,0,0,0,0,0,0,0,0
6/12/2011 0:00,0,0,0,0,0,0,0,0,0,0,0
6/13/2011 0:00,0,0,0,0,0,0,0,0,0,0,0
6/14/2011 0:00,0,0,0,0,0,0,0,0,0,0,0
6/15/2011 0:00,0,0,0,0,0,0,0,0,0,0,0
6/16/2011 0:00,0,0,0,0,0,0,0,0,0,0,0
6/17/2011 0:00,0,0,0,0,0,0,0,0,0,0,0
6/18/2011 0:00,0,0,0,0,0,0,0,0,0,0,0
6/19/2011 0:00,0,0,0,0,0,0,0,0,0,0,0
6/20/2011 0:00,0,0,0,0,0,0,0,0,0,0,0
6/21/2011 0:00,0,0,0,0,0,0,0,0,0,0,0
6/22/2011 0:00,0,0,0,0,0,0,0,0,0,0,0
6/23/2011 0:00,0,0,0,0,0,0,0,0,0,0,0
6/24/2011 0:00,0,0,0,0,0,0,0,0,0,0,0
6/25/2011 0:00,0,0,0,0,0,0,0,0,0,0,0
6/26/2011 0:00,0,0,0,0,0,0,0,0,0,0,0
6/27/2011 0:00,0,0,0,0,0,0,0,0,0,0,0
6/28/2011 0:00,0,0,0,0,0,0,0,0,0,0,0
6/29/2011 0:00,0,0,0,0,0,0,0,0,0,0,0
6/30/2011 0:00,0,0,0,0,0,0,0,0,0,0,0
7/1/2011 0:00,0,0,0,0,0,0,0,0,0,0,0
7/2/2011 0:00,0,0,0,0,0,0,0,0,0,0,0
7/3/2011 0:00,0,0,0,0,0,0,0,0,0,0,0
7/4/2011 0:00,0,0,0,0,0,0,0,0,0,0,0
7/5/2011 0:00,0,0,0,0,0,0,0,0,0,0,0
7/6/2011 0:00,0,0,0,0,0,0,0,0,0,0,0
7/7/2011 0:00,0,0,0,0,0,0,0,0,0,0,0
7/8/2011 0:00,0,0,0,0,0,0,0,0,0,0,0
7/9/2011 0:00,0,0,0,0,0,0,0,0,0,0,0
7/10/2011 0:00,0,0,0,0,0,0,0,0,0,0,0
7/11/2011 0:00,0,0,0,0,0,0,0,0,0,0,0
7/12/2011 0:00,0,0,0,0,0,0,0,0,0,0,0
7/13/2011 0:00,0,0,0,0,0,0,0,0,0,0,0
7/14/2011 0:00,0,0,0,0,0,0,0,0,0,0,0
7/15/2011 0:00,0,0,0,0,0,0,0,0,0,0,0
7/16/2011 0:00,0,0,0,0,0,0,0,0,0,0,0
7/17/2011 0:00,0,0,0,0,0,0,0,0,0,0,0
7/18/2011 0:00,0,0,0,0,0,0,0,0,0,0,0
7/19/2011 0:00,0,0,0,0,0,0,0,0,0,0,0
7/20/2011 0:00,0,0,0,0,0,0,0,0,0,0,0
7/21/2011 0:00,0,0,0,0,0,0,0,0,0,0,0
7/22/2011 0:00,0,0,0,0,0,0,0,0,0,0,0
7/23/2011 0:00,0,0,0,0,0,0,0,0,0,0,0
7/24/2011 0:00,0,0,0,0,0,0,0,0,0,0,0
7/25/2011 0:00,0,0,0,0,0,0,0,0,0,0,0
7/26/2011 0:00,0,0,0,0,0,0,0,0,0,0,0
7/27/2011 0:00,0,0,0,0,0,0,0,0,0,0,0
7/28/2011 0:00,0,0,0,0,0,0,0,0,0,0,0
7/29/2011 0:00,0,0,0,0,0,0,0,0,0,0,0
7/30/2011 0:00,0,0,0,0,0,0,0,0,0,0,0
7/31/2011 0:00,0,0,0,0,0,0,0,0,0,0,0
8/1/2011 0:00,0,0,0,0,0,0,0,0,0,0,0
8/2/2011 0:00,0,0,0,0,0,0,0,0,0,0,0
8/3/2011 0:00,0,0,0,0,0,0,0,0,0,0,0
8/4/2011 0:00,0,0,0,0,0,0,0,0,0,0,0
8/5/2011 0:00,0,0,0,0,0,0,0,0,0,0,0
8/6/2011 0:00,0,0,0,0,0,0,0,0,0,0,0
8/7/2011 0:00,0,0,0,0,0,0,0,0,0,0,0
8/8/2011 0:00,0,0,0,0,0,0,0,0,0,0,0
8/9/2011 0:00,0,0,0,0,0,0,0,0,0,0,0
8/10/2011 0:00,0,0,0,0,0,0,0,0,0,0,0
8/11/2011 0:00,0,0,0,0,0,0,0,0,0,0,0
8/12/2011 0:00,0,0,0,0,0,0,0,0,0,0,0
8/13/2011 0:00,0,0,0,0,0,0,0,0,0,0,0
8/14/2011 0:00,0,0,0,0,0,0,0,0,0,0,0
8/15/2011 0:00,0,0,0,0,0,0,0,0,0,0,0
8/16/2011 0:00,0,0,0,0,0,0,0,0,0,0,0
8/17/2011 0:00,0,0,0,0,0,0,0,0,0,0,0
8/18/2011 0:00,0,0,0,0,0,0,0,0,0,0,0
8/19/2011 0:00,0,0,0,0,0,0,0,0,0,0,0
8/20/2011 0:00,0,0,0,0,0,0,0,0,0,0,0
8/21/2011 0:00,0,0,0,0,0,0,0,0,0,0,0
8/22/2011 0:00,0,0,0,0,0,0,0,0,0,0,0
8/23/2011 0:00,0,0,0,0,0,0,0,0,0,0,0
8/24/2011 0:00,0,0,0,0,0,0,0,0,0,0,0
8/25/2011 0:00,0,0,0,0,0,0,0,0,0,0,0
8/26/2011 0:00,0,0,0,0,0,0,0,0,0,0,0
8/27/2011 0:00,0,0,0,0,0,0,0,0,0,0,0
8/28/2011 0:00,0,0,0,0,0,0,0,0,0,0,0
8/29/2011 0:00,0,0,0,0,0,0,0,0,0,0,0
8/30/2011 0:00,0,0,0,0,0,0,0,0,0,0,0
8/31/2011 0:00,0,0,0,0,0,0,0,0,0,0,0
9/1/2011 0:00,0,0,0,0,0,0,0,0,0,0,0
9/2/2011 0:00,0,0,0,0,0,0,0,0,0,0,0
9/3/2011 0:00,0,0,0,0,0,0,0,0,0,0,0
9/4/2011 0:00,0,0,0,0,0,0,0,0,0,0,0
9/5/2011 0:00,0,0,0,0,0,0,0,0,0,0,0
9/6/2011 0:00,0,0,0,0,0,0,0,0,0,0,0
9/7/2011 0:00,0,0,0,0,0,0,0,0,0,0,0
9/8/2011 0:00,0,0,0,0,0,0,0,0,0,0,0
9/9/2011 0:00,0,0,0,0,0,0,0,0,0,0,0
9/10/2011 0:00,0,0,0,0,0,0,0,0,0,0,0
9/11/2011 0:00,0,0,0,0,0,0,0,0,0,0,0
9/12/2011 0:00,0,0,0,0,0,0,0,0,0,0,0
9/13/2011 0:00,0,0,0,0,0,0,0,0,0,0,0
9/14/2011 0:00,0,0,0,0,0,0,0,0,0,0,0
9/15/2011 0:00,0,0,0,0,0,0,0,0,0,0,0
9/16/2011 0:00,0,0,0,0,0,0,0,0,0,0,0
9/17/2011 0:00,0,0,0,0,0,0,0,0,0,0,0
9/18/2011 0:00,0,0,0,0,0,0,0,0,0,0,0
9/19/2011 0:00,0,0,0,0,0,0,0,0,0,0,0
9/20/2011 0:00,0,0,0,0,0,0,0,0,0,0,0
9/21/2011 0:00,0,0,0,0,0,0,0,0,0,0,0
9/22/2011 0:00,0,0,0,0,0,0,0,0,0,0,0
9/23/2011 0:00,0,0,0,0,0,0,0,0,0,0,0
9/24/2011 0:00,0,0,0,0,0,0,0,0,0,0,0
9/25/2011 0:00,0,0,0,0,0,0,0,0,0,0,0
9/26/2011 0:00,0,0,0,0,0,0,0,0,0,0,0
9/27/2011 0:00,0,0,0,0,0,0,0,0,0,0,0
9/28/2011 0:00,0,0,0,0,0,0,0,0,0,0,0
9/29/2011 0:00,0,0,0,0,0,0,0,0,0,0,0
9/30/2011 0:00,0,0,0,0,0,0,0,0,0,0,0
10/1/2011 0:00,0,0,0,0,0,0,0,0,0,0,0
10/2/2011 0:00,0,0,0,0,0,0,0,0,0,0,0
10/3/2011 0:00,0,0,0,0,0,0,0,0,0,0,0
10/4/2011 0:00,0,0,0,0,0,0,0,0,0,0,0
10/5/2011 0:00,0,0,0,0,0,0,0,0,0,0,0
10/6/2011 0:00,0,0,0,0,0,0,0,0,0,0,0
10/7/2011 0:00,0,0,0,0,0,0,0,0,0,0,0
10/8/2011 0:00,0,0,0,0,0,0,0,0,0,0,0
10/9/2011 0:00,0,0,0,0,0,0,0,0,0,0,0
10/10/2011 0:00,0,0,0,0,0,0,0,0,0,0,0
10/11/2011 0:00,0,0,0,0,0,0,0,0,0,0,0
10/12/2011 0:00,0,0,0,0,0,0,0,0,0,0,0
10/13/2011 0:00,0,0,0,0,0,0,0,0,0,0,0
10/14/2011 0:00,0,0,0,0,0,0,0,0,0,0,0
10/15/2011 0:00,0,0,0,0,0,0,0,0,0,0,0
10/16/2011 0:00,0,0,0,0,0,0,0,0,0,0,0
10/17/2011 0:00,0,0,0,0,0,0,0,0,0,0,0
10/18/2011 0:00,0,0,0,0,0,0,0,0,0,0,0
10/19/2011 0:00,0,0,0,0,0,0,0,0,0,0,0
10/20/2011 0:00,0,0,0,0,0,0,0,0,0,0,0
10/21/2011 0:00,0,0,0,0,0,0,0,0,0,0,0
10/22/2011 0:00,0,0,0,0,0,0,0,0,0,0,0
10/23/2011 0:00,0,0,0,0,0,0,0,0,0,0,0
10/24/2011 0:00,0,0,0,0,0,0,0,0,0,0,0
10/25/2011 0:00,0,0,0,0,0,0,0,0,0,0,0
10/26/2011 0:00,0,0,0,0,0,0,0,0,0,0,0
10/27/2011 0:00,0,0,0,0,0,0,0,0,0,0,0
10/28/2011 0:00,0,0,0,0,0,0,0,0,0,0,0
10/29/2011 0:00,0,0,0,0,0,0,0,0,0,0,0
10/30/2011 0:00,0,0,0,0,0,0,0,0,0,0,0
10/31/2011 0:00,0,0,0,0,0,0,0,0,0,0,0
11/1/2011 0:00,0,0,0,0,0,0,0,0,0,0,0
11/2/2011 0:00,0,0,0,0,0,0,0,0,0,0,0
11/3/2011 0:00,0,0,0,0,0,0,0,0,0,0,0
11/4/2011 0:00,0,0,0,0,0,0,0,0,0,0,0
11/5/2011 0:00,0,0,0,0,0,0,0,0,0,0,0
11/6/2011 0:00,0,0,0,0,0,0,0,0,0,0,0
11/7/2011 0:00,0,0,0,0,0,0,0,0,0,0,0
11/8/2011 0:00,0,0,0,0,0,0,0,0,0,0,0
11/9/2011 0:00,0,0,0,0,0,0,0,0,0,0,0
11/10/2011 0:00,0,0,0,0,0,0,0,0,0,0,0
11/11/2011 0:00,0,0,0,0,0,0,0,0,0,0,0
11/12/2011 0:00,0,0,0,0,0,0,0,0,0,0,0
11/13/2011 0:00,0,0,0,0,0,0,0,0,0,0,0
11/14/2011 0:00,0,0,0,0,0,0,0,0,0,0,0
11/15/2011 0:00,16500,16500,16500,16500,16500,16500,16500,16500,16500,16500,16500
11/16/2011 0:00,16500,16500,16500,16500,16500,16500,16500,16500,16500,16500,16500
11/17/2011 0:00,16500,16500,16500,16500,16500,16500,16500,16500,16500,16500,16500
11/18/2011 0:00,16500,16500,16500,16500,16500,16500,16500,16500,16500,16500,16500
11/19/2011 0:00,16500,16500,16500,16500,16500,16500,16500,16500,16500,16500,16500
11/20/2011 0:00,16500,16500,16500,16500,16500,16500,16500,16500,16500,16500,16500
11/21/2011 0:00,16500,16500,16500,16500,16500,16500,16500,16500,16500,16500,16500
11/22/2011 0:00,16500,16500,16500,16500,16500,16500,16500,16500,16500,16500,16500
11/23/2011 0:00,16500,16500,16500,16500,16500,16500,16500,16500,16500,16500,16500
11/24/2011 0:00,16500,16500,16500,16500,16500,16500,16500,16500,16500,16500,16500
11/25/2011 0:00,16500,16500,16500,16500,16500,16500,16500,16500,16500,16500,16500
11/26/2011 0:00,16500,16500,16500,16500,16500,16500,16500,16500,16500,16500,16500
11/27/2011 0:00,16500,16500,16500,16500,16500,16500,16500,16500,16500,16500,16500
11/28/2011 0:00,16500,16500,16500,16500,16500,16500,16500,16500,16500,16500,16500
11/29/2011 0:00,16500,16500,16500,16500,16500,16500,16500,16500,16500,16500,16500
11/30/2011 0:00,16500,16500,16500,16500,16500,16500,16500,16500,16500,16500,16500
12/1/2011 0:00,16500,16500,16500,16500,16500,16500,16500,16500,16500,16500,16500
12/2/2011 0:00,16500,16500,16500,16500,16500,16500,16500,16500,16500,16500,16500
12/3/2011 0:00,16500,16500,16500,16500,16500,16500,16500,16500,16500,16500,16500
12/4/2011 0:00,16500,16500,16500,16500,16500,16500,16500,16500,16500,16500,16500
12/5/2011 0:00,16500,16500,16500,16500,16500,16500,16500,16500,16500,16500,16500
12/6/2011 0:00,16500,16500,16500,16500,16500,16500,16500,16500,16500,16500,16500
12/7/2011 0:00,16500,16500,16500,16500,16500,16500,16500,16500,16500,16500,16500
12/8/2011 0:00,16500,16500,16500,16500,16500,16500,16500,16500,16500,16500,16500
12/9/2011 0:00,16500,16500,16500,16500,16500,16500,16500,16500,16500,16500,16500
12/10/2011 0:00,16500,16500,16500,16500,16500,16500,16500,16500,16500,16500,16500
12/11/2011 0:00,16500,16500,16500,16500,16500,16500,16500,16500,16500,16500,16500
12/12/2011 0:00,16500,16500,16500,16500,16500,16500,16500,16500,16500,16500,16500
12/13/2011 0:00,16500,16500,16500,16500,16500,16500,16500,16500,16500,16500,16500
12/14/2011 0:00,16500,16500,16500,16500,16500,16500,16500,16500,16500,16500,16500
12/15/2011 0:00,16500,16500,16500,16500,16500,16500,16500,16500,16500,16500,16500
12/16/2011 0:00,16500,16500,16500,16500,16500,16500,16500,16500,16500,16500,16500
12/17/2011 0:00,16500,16500,16500,16500,16500,16500,16500,16500,16500,16500,16500
12/18/2011 0:00,16500,16500,16500,16500,16500,16500,16500,16500,16500,16500,16500
12/19/2011 0:00,16500,16500,16500,16500,16500,16500,16500,16500,16500,16500,16500
12/20/2011 0:00,16500,16500,16500,16500,16500,16500,16500,16500,16500,16500,16500
12/21/2011 0:00,16500,16500,16500,16500,16500,16500,16500,16500,16500,16500,16500
12/22/2011 0:00,16500,16500,16500,16500,16500,16500,16500,16500,16500,16500,16500
12/23/2011 0:00,16500,16500,16500,16500,16500,16500,16500,16500,16500,16500,16500
12/24/2011 0:00,16500,16500,16500,16500,16500,16500,16500,16500,16500,16500,16500
12/25/2011 0:00,16500,16500,16500,16500,16500,16500,16500,16500,16500,16500,16500
12/26/2011 0:00,16500,16500,16500,16500,16500,16500,16500,16500,16500,16500,16500
12/27/2011 0:00,16500,16500,16500,16500,16500,16500,16500,16500,16500,16500,16500
12/28/2011 0:00,16500,16500,16500,16500,16500,16500,16500,16500,16500,16500,16500
12/29/2011 0:00,16500,16500,16500,16500,16500,16500,16500,16500,16500,16500,16500
12/30/2011 0:00,16500,16500,16500,16500,16500,16500,16500,16500,16500,16500,16500
12/31/2011 0:00,16500,16500,16500,16500,16500,16500,16500,16500,16500,16500,16500
