Date,0,100000,200000,300000,400000,500000,600000,700000,800000,900000,1000000,1100000,1200000,1300000,1400000,1500000,1600000,1700000,1800000,1900000,2000000,2100000,2200000,2300000,2400000,2500000,2600000,2700000,2800000,2900000,3000000
1/1/2011 0:00,70000,70000,70000,70000,70000,70000,70000,70000,70000,70000,70000,70000,70000,70000,70000,70000,70000,70000,70000,70000,70000,70000,70000,70000,70000,70000,70000,70000,70000,70000,70000
1/7/2011 0:00,70000,70000,70000,70000,70000,70000,70000,70000,70000,70000,70000,70000,70000,70000,70000,70000,70000,70000,70000,70000,70000,70000,70000,70000,70000,70000,70000,70000,70000,70000,70000
1/8/2011 0:00,70000,70000,70000,70000,70000,70000,70000,70000,70000,70000,70000,70000,70000,70000,70000,70000,70000,70000,70000,70000,71538.02974,71538.02974,71538.02974,71538.02974,71538.02974,71538.02974,71538.02974,71538.02974,71538.02974,71538.02974,71538.02974
1/9/2011 0:00,70000,70000,70000,70000,70000,70000,70000,70000,70000,70000,70000,70000,70000,70000,70000,70000,70000,70000,70000,70000,94837.03768,94837.03768,94837.03768,94837.03768,94837.03768,94837.03768,94837.03768,94837.03768,94837.03768,94837.03768,94837.03768
1/10/2011 0:00,70000,70000,70000,70000,70000,70000,70000,70000,70000,70000,70000,70000,70000,70000,70000,70000,70000,70000,70000,72744.8286,117352.8515,117352.8515,117352.8515,117352.8515,117352.8515,117352.8515,117352.8515,117352.8515,117352.8515,117352.8515,117352.8515
1/11/2011 0:00,70000,70000,70000,70000,70000,70000,70000,70000,70000,70000,70000,70000,70000,70000,70000,70000,70000,70000,70000,92456.98738,139125.1315,139125.1315,139125.1315,139125.1315,139125.1315,139125.1315,139125.1315,139125.1315,139125.1315,139125.1315,139125.1315
1/12/2011 0:00,70000,70000,70000,70000,70000,70000,70000,70000,70000,70000,70000,70000,70000,70000,70000,70000,70000,70000,70000,111564.7684,160191.2654,160191.2654,160191.2654,160191.2654,160191.2654,160191.2654,160191.2654,160191.2654,160191.2654,160191.2654,160191.2654
1/13/2011 0:00,70000,70000,70000,70000,70000,70000,70000,70000,70000,70000,70000,70000,70000,70000,70000,70000,70000,70000,84750.36145,130102.409,180586.4565,180586.4565,180586.4565,180586.4565,180586.4565,180586.4565,180586.4565,180586.4565,180586.4565,180586.4565,180586.4565
1/14/2011 0:00,70000,70000,70000,70000,70000,70000,70000,70000,70000,70000,70000,70000,70000,70000,70000,70000,70000,70000,100979.8781,148101.9946,200343.8114,200343.8114,200343.8114,200343.8114,200343.8114,200343.8114,200343.8114,200343.8114,200343.8114,200343.8114,200343.8114
1/15/2011 0:00,70000,70000,70000,70000,70000,70000,70000,70000,70000,70000,70000,70000,70000,70000,70000,70000,70000,78211.92238,116778.5537,165593.5454,219494.4246,219494.4246,219494.4246,219494.4246,219494.4246,219494.4246,219494.4246,219494.4246,219494.4246,219494.4246,219494.4246
1/16/2011 0:00,70000,70000,70000,70000,70000,70000,70000,70000,70000,70000,70000,70000,70000,70000,70000,70000,70000,92108.45684,132173.9457,182605.1026,238067.4629,238067.4629,238067.4629,238067.4629,238067.4629,238067.4629,238067.4629,238067.4629,238067.4629,238067.4629,238067.4629
1/17/2011 0:00,70000,70000,70000,70000,70000,70000,70000,70000,70000,70000,70000,70000,70000,70000,70000,70000,73553.13627,105683.3307,147191.6549,199162.8118,256090.2472,256090.2472,256090.2472,256090.2472,256090.2472,256090.2472,256090.2472,256090.2472,256090.2472,256090.2472,256090.2472
1/18/2011 0:00,70000,70000,70000,70000,70000,70000,70000,70000,70000,70000,70000,70000,70000,70000,70000,70000,85576.19055,118960.3165,161855.4092,215291.0057,273588.3328,273588.3328,273588.3328,273588.3328,273588.3328,273588.3328,273588.3328,273588.3328,273588.3328,273588.3328,273588.3328
1/19/2011 0:00,70000,70000,70000,70000,70000,70000,70000,70000,70000,70000,70000,70000,70000,70000,70000,70000,97360.88387,131961.327,176187.1469,231012.2842,290585.5885,290585.5885,290585.5885,290585.5885,290585.5885,290585.5885,290585.5885,290585.5885,290585.5885,290585.5885,290585.5885
1/20/2011 0:00,70000,70000,70000,70000,70000,70000,70000,70000,70000,70000,70000,70000,70000,70000,70000,79639.96154,108927.9152,144706.4985,190207.0967,246347.5942,307104.2734,307104.2734,307104.2734,307104.2734,307104.2734,307104.2734,307104.2734,307104.2734,307104.2734,307104.2734,307104.2734
1/21/2011 0:00,70000,70000,70000,70000,70000,70000,70000,70000,70000,70000,70000,70000,70000,70000,70000,89928.31113,120296.2101,157214.2714,203933.8575,261316.3061,323165.1127,323165.1127,323165.1127,323165.1127,323165.1127,323165.1127,323165.1127,323165.1127,323165.1127,323165.1127,323165.1127
1/22/2011 0:00,70000,70000,70000,70000,70000,70000,70000,70000,70000,70000,70000,70000,70000,70000,74189.10628,100058.525,131483.0025,169501.4699,217384.4756,275936.2901,338787.3715,338787.3715,338787.3715,338787.3715,338787.3715,338787.3715,338787.3715,338787.3715,338787.3715,338787.3715,338787.3715
1/23/2011 0:00,70000,70000,70000,70000,70000,70000,70000,70000,70000,70000,70000,70000,70000,70000,83119.69311,110047.2107,142503.9137,181583.3794,230574.521,290223.9899,353988.9267,353988.9267,353988.9267,353988.9267,353988.9267,353988.9267,353988.9267,353988.9267,353988.9267,353988.9267,353988.9267
1/24/2011 0:00,70000,70000,70000,70000,70000,70000,70000,70000,70000,70000,70000,70000,70000,75232.85559,91935.70319,119909.3575,153373.0304,193473.8231,243518.1612,304194.4954,368786.338,368786.338,368786.338,368786.338,368786.338,368786.338,368786.338,368786.338,368786.338,368786.338,368786.338
1/25/2011 0:00,70000,70000,70000,70000,70000,70000,70000,70000,70000,70000,70000,70000,70000,82816.31312,100652.0635,129658.4147,164102.9817,205185.2361,256228.2338,317861.6131,383194.9164,383194.9164,383194.9164,383194.9164,383194.9164,383194.9164,383194.9164,383194.9164,383194.9164,383194.9164,383194.9164
1/26/2011 0:00,70000,70000,70000,70000,70000,70000,70000,70000,70000,70000,70000,70000,70892.90883,90317.78103,109282.1455,139306.3681,174705.0127,216728.7383,268716.3182,331237.9355,397228.7917,397228.7917,397228.7917,397228.7917,397228.7917,397228.7917,397228.7917,397228.7917,397228.7917,397228.7917,397228.7917
1/27/2011 0:00,70000,70000,70000,70000,70000,70000,70000,70000,70000,70000,70000,70000,77707.16495,97751.11186,117837.8422,148863.815,185189.0586,228114.2056,280992.8038,344334.9087,410900.9781,410900.9781,410900.9781,410900.9781,410900.9781,410900.9781,410900.9781,410900.9781,410900.9781,410900.9781,410900.9781
1/28/2011 0:00,70000,70000,70000,70000,70000,70000,70000,70000,70000,70000,70000,70000,84541.87255,105128.6546,126329.6428,158340.0369,195563.8151,239350.3396,293066.9588,357162.8976,424223.4381,424223.4381,424223.4381,424223.4381,424223.4381,424223.4381,424223.4381,424223.4381,424223.4381,424223.4381,424223.4381
1/29/2011 0:00,70000,70000,70000,70000,70000,70000,70000,70000,70000,70000,70000,70000,91393.29382,112461.3298,134766.7065,167743.0718,205836.8089,250444.7349,304946.9953,369731.2507,437207.1448,437207.1448,437207.1448,437207.1448,437207.1448,437207.1448,437207.1448,437207.1448,437207.1448,437207.1448,437207.1448
1/30/2011 0:00,70000,70000,70000,70000,70000,70000,70000,70000,70000,70000,70000,75111.42,98257.73811,119758.7036,143156.9341,177079.7837,216014.4653,261403.946,316640.1343,382048.3624,449862.1426,449862.1426,449862.1426,449862.1426,449862.1426,449862.1426,449862.1426,449862.1426,449862.1426,449862.1426,449862.1426
1/31/2011 0:00,70000,70000,70000,70000,70000,70000,70000,70000,70000,70000,70000,81389.95069,105131.562,127029.0592,151507.038,186355.931,226102.1748,272233.5516,328152.6679,394121.7338,462197.6063,462197.6063,462197.6063,462197.6063,462197.6063,462197.6063,462197.6063,462197.6063,462197.6063,462197.6063,462197.6063
2/1/2011 0:00,70000,70000,70000,70000,70000,70000,70000,70000,70000,70000,71104.92196,87673.24152,112011.1692,134279.4677,159822.6111,195576.2331,236104.358,282938.2173,339490.0209,405958.0318,474221.8983,474221.8983,474221.8983,474221.8983,474221.8983,474221.8983,474221.8983,474221.8983,474221.8983,474221.8983,474221.8983
2/2/2011 0:00,70000,70000,70000,70000,70000,70000,70000,70000,70000,70000,76742.49064,93958.03267,118893.0108,141515.8564,168108.1931,204744.4354,246024.5285,293521.7574,350656.81,417563.1473,485942.6246,485942.6246,485942.6246,485942.6246,485942.6246,485942.6246,485942.6246,485942.6246,485942.6246,485942.6246,485942.6246
2/3/2011 0:00,70000,70000,70000,70000,70000,70000,70000,70000,70000,70000,82376.82427,100241.1115,125773.5848,148743.0761,176367.3363,213863.3727,255865.3546,303987.1941,361656.9014,428942.2503,497366.6884,497366.6884,497366.6884,497366.6884,497366.6884,497366.6884,497366.6884,497366.6884,497366.6884,497366.6884,497366.6884
2/4/2011 0:00,70000,70000,70000,70000,70000,70000,70000,70000,70000,70000,88005.0466,106519.3125,132649.4366,155964.9663,184602.6686,222935.0307,265628.7189,314336.8156,372493.4673,440099.8449,508500.3433,508500.3433,508500.3433,508500.3433,508500.3433,508500.3433,508500.3433,508500.3433,508500.3433,508500.3433,508500.3433
2/5/2011 0:00,70000,70000,70000,70000,70000,70000,70000,70000,70000,70359.62584,93624.32861,112789.5176,139517.1587,163184.4192,192815.9557,231960.6063,275315.7767,324572.2326,383169.0401,451039.8213,519349.2432,519349.2432,519349.2432,519349.2432,519349.2432,519349.2432,519349.2432,519349.2432,519349.2432,519349.2432,519349.2432
2/6/2011 0:00,70000,70000,70000,70000,70000,70000,70000,70000,70000,75738.29144,99231.88846,119048.6556,146373.391,170403.4414,201008.1613,240940.566,284927.0126,334694.4327,393685.5654,461765.5074,529918.4921,529918.4921,529918.4921,529918.4921,529918.4921,529918.4921,529918.4921,529918.4921,529918.4921,529918.4921,529918.4921
2/7/2011 0:00,70000,70000,70000,70000,70000,70000,70000,70000,70000,81044.88898,104824.9915,125293.7026,153214.8203,177623.2151,209179.5057,249874.7024,294462.2951,344703.8338,404044.4531,472279.7179,540212.6915,540212.6915,540212.6915,540212.6915,540212.6915,540212.6915,540212.6915,540212.6915,540212.6915,540212.6915,540212.6915
2/8/2011 0:00,70000,70000,70000,70000,70000,70000,70000,70000,70000,86280.10899,110400.9503,131521.6821,160038.1808,184844.1559,217329.5228,258762.1895,303920.9304,354600.3353,414246.6272,482584.8016,550235.9858,550235.9858,550235.9858,550235.9858,550235.9858,550235.9858,550235.9858,550235.9858,550235.9858,550235.9858,550235.9858
2/9/2011 0:00,70000,70000,70000,70000,70000,70000,70000,70000,73683.63448,91444.62148,115957.1245,137729.6646,166840.2538,192065.9709,225457.1151,267601.636,313301.7132,364383.3679,424292.5734,492682.6883,559992.1071,559992.1071,559992.1071,559992.1071,559992.1071,559992.1071,559992.1071,559992.1071,559992.1071,559992.1071,559992.1071
2/10/2011 0:00,70000,70000,70000,70000,70000,70000,70000,70000,78163.46426,96539.07599,121490.9212,143914.7678,173617.8679,199287.7136,233560.608,276391.1375,322602.9775,374051.9416,434182.3852,502574.9324,569484.4172,569484.4172,569484.4172,569484.4172,569484.4172,569484.4172,569484.4172,569484.4172,569484.4172,569484.4172,569484.4172
2/11/2011 0:00,70000,70000,70000,70000,70000,70000,70000,70000,82571.77049,101564.1015,126999.7945,150074.1566,180367.8987,206507.8381,241637.8012,285128.3261,331822.6442,383604.6924,443915.8093,512262.756,578715.9491,578715.9491,578715.9491,578715.9491,578715.9491,578715.9491,578715.9491,578715.9491,578715.9491,578715.9491,578715.9491
2/12/2011 0:00,70000,70000,70000,70000,70000,70000,70000,70000,86909.4721,106520.3066,132481.2457,156205.0432,187087.2692,213724.2511,249686.0194,293810.4195,340958.2685,393039.9268,453492.2875,521747.0902,587689.4457,587689.4457,587689.4457,587689.4457,587689.4457,587689.4457,587689.4457,587689.4457,587689.4457,587689.4457,587689.4457
2/13/2011 0:00,70000,70000,70000,70000,70000,70000,70000,73496.00508,91177.46751,111408.2793,137932.8233,162304.6869,193772.9495,220934.3626,257702.1609,302434.2674,350007.0841,402355.6654,462910.999,531028.6141,596407.3977,596407.3977,596407.3977,596407.3977,596407.3977,596407.3977,596407.3977,596407.3977,596407.3977,596407.3977,596407.3977
2/14/2011 0:00,70000,70000,70000,70000,70000,70000,70000,77284.85764,95376.63465,116228.587,143352.1231,168370.3942,200421.9569,228135.135,265682.7447,310996.3968,358966.0474,411549.6838,472170.8993,540107.7931,604872.0796,604872.0796,604872.0796,604872.0796,604872.0796,604872.0796,604872.0796,604872.0796,604872.0796,604872.0796,604872.0796
2/15/2011 0:00,70000,70000,70000,70000,70000,70000,70000,80998.09593,99507.83093,120981.7769,148736.788,174399.5188,207031.356,235323.1299,273623.9562,319493.056,367831.8784,420619.5533,481270.7588,548984.9147,613085.5837,613085.5837,613085.5837,613085.5837,613085.5837,613085.5837,613085.5837,613085.5837,613085.5837,613085.5837,613085.5837
2/16/2011 0:00,70000,70000,70000,70000,70000,70000,70000,84636.86729,103571.8933,125668.3753,154084.5081,180389.4617,213598.2584,242494.5543,281521.6903,327920.2559,376601.1014,429562.6782,490209.1987,557660.1231,621049.8532,621049.8532,621049.8532,621049.8532,621049.8532,621049.8532,621049.8532,621049.8532,621049.8532,621049.8532,621049.8532
2/17/2011 0:00,70000,70000,70000,70000,70000,70000,72271.37238,88202.29854,107569.6381,130288.8885,159393.0208,186337.671,220119.823,249645.3041,289371.5942,336273.8108,385270.0834,438376.3331,498984.726,566133.4523,628766.713,628766.713,628766.713,628766.713,628766.713,628766.713,628766.713,628766.713,628766.713,628766.713,628766.713
2/18/2011 0:00,70000,70000,70000,70000,70000,70000,75497.0745,91695.49601,111501.8614,134843.8018,164660.1106,192241.6419,226593.2561,256771.0067,297169.1077,344549.3769,393835.0704,447057.6975,507595.7666,574404.8571,636237.899,636237.899,636237.899,636237.899,636237.899,636237.899,636237.899,636237.899,636237.899,636237.899,636237.899
2/19/2011 0:00,70000,70000,70000,70000,70000,70000,78638.43643,95117.54552,115369.3385,139333.5803,169883.6091,198098.9171,233015.8107,263867.0618,304909.5019,352742.4889,402292.223,455603.8891,516040.6967,582474.2427,643465.086,643465.086,643465.086,643465.086,643465.086,643465.086,643465.086,643465.086,643465.086,643465.086,643465.086
2/20/2011 0:00,70000,70000,70000,70000,70000,70000,81696.83389,98469.5124,119172.8244,143758.6684,175061.3954,203907.0861,239384.7875,270928.6802,312587.9165,360848.596,410637.6497,464011.9957,524317.8722,590341.4927,650449.9136,650449.9136,650449.9136,650449.9136,650449.9136,650449.9136,650449.9136,650449.9136,650449.9136,650449.9136,650449.9136
2/21/2011 0:00,70000,70000,70000,70000,70000,71334.73177,84673.62213,101752.4415,122913.0534,148119.4904,180191.3954,209663.7859,245697.5342,277950.9212,320199.3953,368863.0951,418867.4388,472279.1048,532425.6576,598006.4953,657194.0108,657194.0108,657194.0108,657194.0108,657194.0108,657194.0108,657194.0108,657194.0108,657194.0108,657194.0108,657194.0108
2/22/2011 0:00,70000,70000,70000,70000,70000,72822.65367,87570.13586,104967.3571,126590.7396,152416.4495,185271.5825,215366.7006,251951.4455,284928.7285,327738.9201,376781.3629,426977.6885,480402.332,540362.4519,605469.1682,663699.0189,663699.0189,663699.0189,663699.0189,663699.0189,663699.0189,663699.0189,663699.0189,663699.0189,663699.0189,663699.0189
2/23/2011 0:00,70000,70000,70000,70000,70000,74285.31683,90387.68931,108115.263,130206.5762,156649.9289,190299.9772,221013.5615,258143.9637,291856.9643,335201.4433,384598.7868,434964.5356,488378.8482,548126.7135,612729.4812,669966.612,669966.612,669966.612,669966.612,669966.612,669966.612,669966.612,669966.612,669966.612,669966.612,669966.612
2/24/2011 0:00,70000,70000,70000,70000,70000,75722.00614,93127.57623,111197.1426,133761.2363,160820.291,195274.6473,226602.147,264272.578,298730.4418,342581.9176,392310.7927,442824.1823,496205.904,555716.9837,619787.4778,675998.5175,675998.5175,675998.5175,675998.5175,675998.5175,675998.5175,675998.5175,675998.5175,675998.5175,675998.5175,675998.5175
2/25/2011 0:00,70000,70000,70000,70000,70000,77132.02533,95791.06982,114213.9587,137255.3723,164927.878,200193.7075,232130.2829,270334.8248,305543.9556,349875.3262,399912.8732,450552.9214,503880.8533,563131.9079,626643.2948,681796.5329,681796.5329,681796.5329,681796.5329,681796.5329,681796.5329,681796.5329,681796.5329,681796.5329,681796.5329,681796.5329
2/26/2011 0:00,70000,70000,70000,70000,70000,78514.69701,98379.42283,117166.6537,140689.6161,168973.0112,205055.32,237595.842,276328.2879,312292.3115,357076.7089,407400.6121,458147.1602,511401.1754,570370.2557,633297.1804,687362.5429,687362.5429,687362.5429,687362.5429,687362.5429,687362.5429,687362.5429,687362.5429,687362.5429,687362.5429,687362.5429
2/27/2011 0:00,70000,70000,70000,70000,70000,79869.36262,100893.8675,120056.1492,144064.579,172955.9918,209857.694,242996.7445,282250.598,318970.3535,364181.1886,414769.709,465603.442,518764.4945,577430.9393,639749.5106,692698.5333,692698.5333,692698.5333,692698.5333,692698.5333,692698.5333,692698.5333,692698.5333,692698.5333,692698.5333,692698.5333
2/28/2011 0:00,70000,70000,70000,70000,70000,81195.3825,103335.6155,122883.3467,147380.8521,176877.1002,214599.0861,248330.9575,288099.4334,325572.99,371183.9951,422016.0008,472918.4666,525968.5989,584313.0295,646000.8039,697806.6043,697806.6043,697806.6043,697806.6043,697806.6043,697806.6043,697806.6043,697806.6043,697806.6043,697806.6043,697806.6043
3/1/2011 0:00,67741.93548,67741.93548,67741.93548,67741.93548,67741.93548,82492.1358,105705.8581,125649.1271,150639.0057,180736.5964,219277.7999,253596.4955,293872.5192,332095.2177,378080.4872,429135.4826,480089.1094,533011.457,591015.7716,652051.7347,702688.9815,702688.9815,702688.9815,702688.9815,702688.9815,702688.9815,702688.9815,702688.9815,702688.9815,702688.9815,702688.9815
3/2/2011 0:00,65483.87097,65483.87097,65483.87097,65483.87097,65483.87097,83759.02055,108005.766,128354.3505,153839.5898,184534.72,223892.1864,258791.4203,299567.6279,338532.1445,384866.1738,436124.3267,487112.4376,539891.2332,597538.5979,657903.144,707348.0256,707348.0256,707348.0256,707348.0256,707348.0256,707348.0256,707348.0256,707348.0256,707348.0256,707348.0256,707348.0256
3/3/2011 0:00,63225.80645,63225.80645,63225.80645,63225.80645,63225.80645,84995.45365,110236.4894,130999.8568,156983.1337,188271.69,228440.6435,263913.8407,305182.5791,344879.0104,391536.7326,442978.8992,493985.7263,546606.3008,603881.1396,663556.0503,711786.2405,711786.2405,711786.2405,711786.2405,711786.2405,711786.2405,711786.2405,711786.2405,711786.2405,711786.2405,711786.2405
3/4/2011 0:00,60967.74194,60967.74194,60967.74194,60967.74194,60967.74194,86200.87082,112399.1582,133586.4654,160070.1465,191947.7048,232921.6165,268961.9127,310715.2398,351131.2063,398088.0281,449695.7764,500706.4718,553155.2544,610043.237,669011.6568,715000,715000,715000,715000,715000,715000,715000,715000,715000,715000,715000
3/5/2011 0:00,58709.67742,58709.67742,58709.67742,58709.67742,58709.67742,87374.72667,114494.8814,136114.9751,163101.1164,195562.9425,237333.598,273933.8396,316163.5239,357284.2924,404516.1265,456271.7581,507272.4038,559536.9198,616024.9479,674271.3584,715000,715000,715000,715000,715000,715000,715000,715000,715000,715000,715000
3/6/2011 0:00,56451.6129,56451.6129,56451.6129,56451.6129,56451.6129,88516.49466,116524.7478,138586.1642,166076.5115,199117.5607,241675.1275,278827.8719,321525.3927,363334.0135,410817.3108,462703.8801,513681.4959,565750.3626,621826.554,679336.7467,715000,715000,715000,715000,715000,715000,715000,715000,715000,715000,715000
3/7/2011 0:00,54193.54839,54193.54839,54193.54839,54193.54839,54193.54839,89625.6671,118489.8257,141000.7905,168996.7791,202611.6962,245944.7919,283642.3072,326798.8547,369276.3138,416988.0927,468989.4249,519931.9743,571794.8953,627448.5661,684209.6127,715000,715000,715000,715000,715000,715000,715000,715000,715000,715000,715000
3/8/2011 0:00,51935.48387,51935.48387,51935.48387,51935.48387,51935.48387,90701.75516,120391.1627,143359.5913,171862.3461,206045.4657,250141.2253,288375.4903,331981.9655,375107.3493,423025.2234,475125.9306,526022.325,577670.0824,632891.7278,688891.9489,715000,715000,715000,715000,715000,715000,715000,715000,715000,715000,715000
3/9/2011 0:00,49677.41935,49677.41935,49677.41935,49677.41935,50080.3765,91744.28886,122229.7862,145663.2834,174673.6191,209418.9651,254263.109,293025.8133,337072.8279,380823.499,428925.7031,481111.1982,531951.299,583375.7443,638157.0169,693385.949,715000,715000,715000,715000,715000,715000,715000,715000,715000,715000,715000
3/10/2011 0:00,47419.35484,47419.35484,47419.35484,47419.35484,50636.08856,92752.8171,124006.7027,147912.5633,177430.9838,212732.27,258309.1713,297591.7155,342069.5919,386421.3743,434686.7885,486943.2974,537717.9168,588911.9588,643245.6458,697694.0062,715000,715000,715000,715000,715000,715000,715000,715000,715000,715000,715000
3/11/2011 0:00,45161.29032,45161.29032,45161.29032,45161.29032,51170.68364,93726.90761,125722.8986,150108.1066,180134.8057,215985.4354,262278.1879,302071.6832,346970.4549,391897.8268,440305.9985,492620.5706,543321.4698,594279.0619,648159.0599,701818.7097,715000,715000,715000,715000,715000,715000,715000,715000,715000,715000,715000
3/12/2011 0:00,42903.22581,42903.22581,42903.22581,42903.22581,51683.74391,94666.14699,127379.3395,152250.5687,182785.4297,219178.4957,266168.9818,306464.2502,351773.6611,397249.954,445781.1185,498141.6354,548761.5214,599477.6464,652898.9345,705762.8402,715000,715000,715000,715000,715000,715000,715000,715000,715000,715000,715000
3/13/2011 0:00,40645.16129,40645.16129,40645.16129,40645.16129,52174.8704,95570.1407,128976.9708,154340.5845,185383.1803,222311.465,269980.4228,310767.9972,356477.5023,402475.1043,451110.2033,503505.385,554037.9057,604508.5589,657467.1698,709529.3625,715000,715000,715000,715000,715000,715000,715000,715000,715000,715000,715000
3/14/2011 0:00,38387.09677,38387.09677,38387.09677,38387.09677,52643.683,96438.51305,130516.717,156378.7682,187928.3612,225384.3368,273711.4282,314981.5522,361080.3172,407570.8796,456291.5775,508710.9878,559150.7249,609372.895,661865.8846,713121.4177,715000,715000,715000,715000,715000,715000,715000,715000,715000,715000,715000
3/15/2011 0:00,36129.03226,36129.03226,36129.03226,36129.03226,53089.82045,97270.90721,131999.4824,158365.7136,190421.2561,228397.0841,277360.9625,319103.5906,365580.4919,412535.1363,461323.8354,513757.8845,564100.3445,614071.9934,666097.4084,715000,715000,715000,715000,715000,715000,715000,715000,715000,715000,715000,715000
3/16/2011 0:00,33870.96774,33870.96774,33870.96774,33870.96774,53512.94036,98066.98522,133426.1508,160301.9941,192862.1277,231349.6594,280928.0373,323132.8346,369976.4595,417365.9851,466205.8382,518645.784,568887.3877,618607.4278,670164.2712,715000,715000,715000,715000,715000,715000,715000,715000,715000,715000,715000,715000
3/17/2011 0:00,31612.90323,31612.90323,31612.90323,31612.90323,53912.71918,98826.42794,134797.5853,162188.1626,195251.2185,234241.9947,284411.7115,327068.054,374266.7006,422061.7886,470936.7104,523374.6576,573512.7277,622980.9975,674069.1925,715000,715000,715000,715000,715000,715000,715000,715000,715000,715000,715000,715000
3/18/2011 0:00,29354.83871,29354.83871,29354.83871,29354.83871,54288.85223,99548.93513,136114.6288,164024.7512,197588.7503,237074.0015,287811.0909,330908.0655,378449.7426,426621.1578,475515.8338,527944.7316,577977.478,627194.716,677815.068,715000,715000,715000,715000,715000,715000,715000,715000,715000,715000,715000,715000
3/19/2011 0:00,27096.77419,27096.77419,27096.77419,27096.77419,54641.05367,100234.2254,137378.1033,165812.2719,199874.9247,239845.5709,291125.3289,334651.7331,382524.1604,431042.9462,479942.8406,532356.478,582282.9816,631250.7983,681404.9552,715000,715000,715000,715000,715000,715000,715000,715000,715000,715000,715000,715000
3/20/2011 0:00,24838.70968,24838.70968,24838.70968,24838.70968,54969.05655,100882.0361,138588.8107,167551.2159,202109.9225,242556.5733,294353.6259,338297.9681,386488.576,435326.2434,484217.604,536610.6038,586430.7987,635151.6465,684842.0567,715000,715000,715000,715000,715000,715000,715000,715000,715000,715000,715000,715000
3/21/2011 0:00,22580.64516,22580.64516,22580.64516,22580.64516,55272.61275,101492.1238,139747.5321,169242.054,204293.9041,245206.8588,297495.2294,341845.7288,390341.6586,439470.3659,488340.2281,540708.0385,590422.6918,638899.8333,688129.7025,715000,715000,715000,715000,715000,715000,715000,715000,715000,715000,715000,715000
3/22/2011 0:00,20322.58065,20322.58065,20322.58065,22334.25059,55551.49301,102064.2634,140855.0282,170885.2366,206427.0094,247796.2568,300549.4343,345294.0209,394082.1246,443474.8466,492311.0355,544649.9202,594260.6103,642498.085,691271.3303,715000,715000,715000,715000,715000,715000,715000,715000,715000,715000,715000,715000
3/23/2011 0:00,18064.51613,18064.51613,18064.51613,22321.25843,55805.48693,102598.249,141912.0393,172481.1935,208509.3579,250324.5763,303515.5826,348641.8971,397708.7375,447339.4235,496130.5532,548437.5798,597946.6727,645949.261,694270.4642,715000,715000,715000,715000,715000,715000,715000,715000,715000,715000,715000,715000
3/24/2011 0:00,15806.45161,15806.45161,15806.45161,22298.3593,56034.40297,103093.8935,142919.2852,174030.334,210541.0484,252791.6059,306393.0635,351888.4574,401220.3082,451064.0253,499799.4976,552072.5234,601483.1473,649256.3338,697130.6916,715000,715000,715000,715000,715000,715000,715000,715000,715000,715000,715000,715000
3/25/2011 0:00,13548.3871,13548.3871,13548.3871,22265.37611,56238.06845,103551.0287,143877.4649,175533.0469,212522.1594,255197.1136,309181.3134,355032.8491,404615.6945,454648.7563,503318.7568,555556.4137,604872.4315,652422.3654,699855.6392,715000,715000,715000,715000,715000,715000,715000,715000,715000,715000,715000,715000
3/26/2011 0:00,11290.32258,11290.32258,11290.32258,22222.15059,56416.32953,103969.5052,144787.2573,176989.7006,214452.7487,257540.8469,311879.8158,358074.2665,407893.8018,458093.8796,506689.3721,558891.0491,608117.0294,655450.4836,702448.9461,715000,715000,715000,715000,715000,715000,715000,715000,715000,715000,715000,715000
3/27/2011 0:00,9032.258065,9032.258065,9032.258065,22168.54335,56569.05126,104349.1923,145649.3205,178400.6427,216332.8538,259822.5327,314488.1016,361011.9511,411053.5824,461399.7985,509912.5174,562078.3415,611219.5272,658343.8554,704914.2362,715000,715000,715000,715000,715000,715000,715000,715000,715000,715000,715000,715000
3/28/2011 0:00,6774.193548,6774.193548,6774.193548,22104.43385,56696.11751,104689.9785,146464.2923,179766.2007,218162.4916,262041.8776,317005.7487,363845.1918,414094.0358,464567.036,512989.4775,565120.292,614182.5679,661105.6601,707255.0889,715000,715000,715000,715000,715000,715000,715000,715000,715000,715000,715000,715000
3/29/2011 0:00,4516.129032,4516.129032,4516.129032,22029.72042,56797.43103,104991.7709,147232.7898,181086.6814,219941.6585,264198.5676,319432.3823,366573.3246,417014.2088,467596.2132,515921.6235,568018.9659,617008.8234,663739.0591,709475.0077,715000,715000,715000,715000,715000,715000,715000,715000,715000,715000,715000,715000
3/30/2011 0:00,2258.064516,2258.064516,2258.064516,21944.32021,56872.91342,105254.4954,147955.4099,182362.371,221670.3304,266292.2681,321767.6749,369195.7325,419813.1954,470488.0255,518710.3884,570776.4649,619700.9659,666247.1655,711577.3874,715000,715000,715000,715000,715000,715000,715000,715000,715000,715000,715000,715000
3/31/2011 0:00,0,0,0,21848.16927,56922.50513,105478.0971,148632.7286,183593.5355,223348.4627,268322.6243,324011.3459,371711.8461,422490.1367,473243.2176,521357.2392,573394.8986,622261.6365,668633.0117,713565.4797,715000,715000,715000,715000,715000,715000,715000,715000,715000,715000,715000,715000
4/1/2011 0:00,0,0,0,21741.22249,56946.16549,105662.5396,149265.3018,184780.42,224975.9903,270289.2605,326163.1622,374121.1427,425044.2211,475862.5564,523863.6488,575876.3535,624693.4135,670899.5144,715000,715000,715000,715000,715000,715000,715000,715000,715000,715000,715000,715000,715000
4/2/2011 0:00,0,0,0,21623.45361,56943.87267,105807.8056,149853.6646,185923.2494,226552.8276,272191.7809,328222.9377,376423.1473,427474.6841,478346.803,526231.0655,578222.8615,626998.7778,673049.4394,715000,715000,715000,715000,715000,715000,715000,715000,715000,715000,715000,715000,715000
4/3/2011 0:00,0,0,0,21494.85524,56915.62368,105913.8964,150398.3317,187022.228,228078.8686,274029.7688,330190.5335,378617.4317,429780.8085,480696.682,528460.8808,580436.3652,629180.0775,675085.3638,715000,715000,715000,715000,715000,715000,715000,715000,715000,715000,715000,715000,715000
4/4/2011 0:00,0,0,0,21355.43883,56861.43443,105980.8325,150899.7975,188077.5396,229553.9865,275802.7873,332065.8581,380703.6152,431961.9243,482912.8501,530554.3959,582518.6833,631239.4906,677009.6367,715000,715000,715000,715000,715000,715000,715000,715000,715000,715000,715000,715000,715000
4/5/2011 0:00,0,0,0,21205.23471,56781.33966,106008.6529,151358.5355,189089.3476,230978.0344,277510.3789,333848.867,382681.3639,434017.4085,484995.8625,532512.7867,584471.4728,633178.9857,678824.3385,715000,715000,715000,715000,715000,715000,715000,715000,715000,715000,715000,715000,715000
4/6/2011 0:00,0,0,0,21044.29204,56675.39296,105997.4158,151774.999,190057.7947,232350.8447,279152.0656,335539.563,384550.3916,435946.6855,486946.1379,534337.0665,586296.1903,635000.2818,680531.2385,715000,715000,715000,715000,715000,715000,715000,715000,715000,715000,715000,715000,715000
4/7/2011 0:00,0,0,0,20872.67887,56543.66679,105947.1979,152149.6207,190983.0033,233672.2291,280727.349,337137.9959,386310.4589,437749.2269,488763.9218,536028.0473,587994.0522,636704.8057,682131.7505,715000,715000,715000,715000,715000,715000,715000,715000,715000,715000,715000,715000,715000
4/8/2011 0:00,0,0,0,20690.48207,56386.25247,105858.095,152482.8128,191865.0751,234941.9793,282235.7098,338644.263,387961.3739,439424.5514,490449.2481,537586.3003,589565.9917,638293.6481,683626.8874,715000,715000,715000,715000,715000,715000,715000,715000,715000,715000,715000,715000,715000
4/9/2011 0:00,0,0,0,20497.8074,56203.26016,105730.2218,152774.967,192704.0914,236159.8659,283676.6088,340058.5086,389502.9915,440972.2248,492001.8989,539012.1131,591012.6158,639767.5183,685017.2135,715000,715000,715000,715000,715000,715000,715000,715000,715000,715000,715000,715000,715000
4/10/2011 0:00,0,0,0,20294.77946,55994.81891,105563.7116,153026.4546,193500.1132,237325.6395,285049.4859,341380.9242,390935.2142,442391.8604,493421.3631,540305.447,592334.1596,641126.6967,686302.7953,715000,715000,715000,715000,715000,715000,715000,715000,715000,715000,715000,715000,715000
4/11/2011 0:00,0,0,0,20081.54171,55761.07659,105358.7169,153237.6262,194253.1806,238439.03,286353.7606,342611.7486,392257.9914,443683.1185,494706.7931,541465.8913,593530.4393,642370.9858,687483.1511,715000,715000,715000,715000,715000,715000,715000,715000,715000,715000,715000,715000,715000
4/12/2011 0:00,0,0,0,19858.25647,55502.19995,105115.4087,153408.8121,194963.3135,239499.7467,287588.8318,343751.2677,393471.32,444845.7065,495856.9597,542492.6166,594600.8037,643499.6603,688557.1986,715000,715000,715000,715000,715000,715000,715000,715000,715000,715000,715000,715000,715000
4/13/2011 0:00,0,0,0,19625.1049,55218.37459,104833.9771,153540.3219,195630.5112,240507.4786,288754.0782,344799.8146,394575.2438,445879.3792,496870.2054,543384.3267,595544.0837,644511.4143,689523.2007,715000,715000,715000,715000,715000,715000,715000,715000,715000,715000,715000,715000,715000
4/14/2011 0:00,0,0,0,19382.28705,54909.80496,104514.6309,153632.4449,196254.7524,241461.894,289848.8576,345757.7697,395569.854,446783.9385,497744.3964,544139.2078,596358.5404,645404.3077,690378.7099,715000,715000,715000,715000,715000,715000,715000,715000,715000,715000,715000,715000,715000
4/15/2011 0:00,0,0,0,19130.0218,54576.71438,104157.598,153685.4498,196835.9956,242362.6409,290872.5076,346625.5604,396455.2888,447559.2335,498476.8726,544754.8776,597041.8116,646175.711,691120.5111,715000,715000,715000,715000,715000,715000,715000,715000,715000,715000,715000,715000,715000
4/16/2011 0:00,0,0,0,18868.5469,54219.34502,103763.1248,153699.5848,197374.1785,243209.3467,291824.3452,347403.6616,397231.7338,448205.1605,499064.3959,545228.3312,597590.8566,646822.2477,691744.5624,715000,715000,715000,715000,715000,715000,715000,715000,715000,715000,715000,715000,715000
4/17/2011 0:00,0,0,0,18598.11895,53837.95792,103331.477,153675.0776,197869.2183,244001.6182,292703.6668,348092.5951,397899.4216,448721.6631,499503.0973,545555.8863,598001.8989,647339.7361,692245.935,715000,715000,715000,715000,715000,715000,715000,715000,715000,715000,715000,715000,715000
4/18/2011 0:00,0,0,0,18319.0134,53432.83295,102862.9387,153612.1355,198321.012,244739.0419,293509.7485,348692.9299,398458.6323,449108.7318,499788.4218,545733.1267,598270.3681,647723.1284,692618.7504,715000,715000,715000,715000,715000,715000,715000,715000,715000,715000,715000,715000,715000
4/19/2011 0:00,0,0,0,18031.52459,53004.26886,102357.8131,153510.945,198729.4358,245421.1836,294241.8458,349205.2826,398909.6928,449366.4046,499915.0721,545754.8435,598390.8395,647966.4491,692856.1166,715000,715000,715000,715000,715000,715000,715000,715000,715000,715000,715000,715000,715000
4/20/2011 0:00,0,0,0,17735.96568,52552.58325,101816.4223,153371.6724,199094.3456,246047.5888,294899.1937,349630.3164,399252.9775,449494.7666,499876.9504,545614.9758,598356.9723,648062.7308,692950.0629,715000,715000,715000,715000,715000,715000,715000,715000,715000,715000,715000,715000,715000
4/21/2011 0:00,0,0,0,17432.6687,52078.11258,101239.1072,153194.4635,199415.5765,246617.7823,295481.0065,349968.7422,399488.9079,449493.9501,499667.0983,545306.5482,598161.4461,648003.9495,691166.6667,691166.6667,691166.6667,691166.6667,691166.6667,691166.6667,691166.6667,691166.6667,691166.6667,691166.6667,691166.6667,691166.6667,691166.6667,691166.6667
4/22/2011 0:00,0,0,0,17121.98454,51581.21215,100626.2274,152979.4435,199692.9435,247131.2686,295986.4785,350221.3179,399617.9527,449364.1345,499277.6362,544821.6084,597795.896,647780.9571,667333.3333,667333.3333,667333.3333,667333.3333,667333.3333,667333.3333,667333.3333,667333.3333,667333.3333,667333.3333,667333.3333,667333.3333,667333.3333,667333.3333
4/23/2011 0:00,0,0,0,16804.28295,51062.25615,99978.16167,152726.717,199926.2408,247587.5315,296414.7829,350388.8485,399640.6277,449105.5466,498699.6992,544151.1616,597250.8452,643500,643500,643500,643500,643500,643500,643500,643500,643500,643500,643500,643500,643500,643500,643500
4/24/2011 0:00,0,0,0,16479.95253,50521.63761,99295.30735,152436.3682,200115.2422,247986.0345,296765.073,350472.1863,399557.496,448718.4602,497923.3731,543285.1043,596515.6372,619666.6667,619666.6667,619666.6667,619666.6667,619666.6667,619666.6667,619666.6667,619666.6667,619666.6667,619666.6667,619666.6667,619666.6667,619666.6667,619666.6667,619666.6667
4/25/2011 0:00,0,0,0,16149.40074,49959.76839,98578.08079,152108.4609,200259.701,248326.2204,297036.481,350472.2308,399369.168,448203.1963,496937.6278,542212.1558,595578.3656,595833.3333,595833.3333,595833.3333,595833.3333,595833.3333,595833.3333,595833.3333,595833.3333,595833.3333,595833.3333,595833.3333,595833.3333,595833.3333,595833.3333,595833.3333
4/26/2011 0:00,0,0,0,15813.0539,49377.07926,97826.91715,151743.0382,200359.3501,248607.5117,297228.119,350389.9287,399076.3011,447560.1233,495730.2493,540919.7887,572000,572000,572000,572000,572000,572000,572000,572000,572000,572000,572000,572000,572000,572000,572000,572000
4/27/2011 0:00,0,0,0,15471.35717,48774.0198,97042.27046,151340.123,200413.9017,248829.3102,297339.0786,350226.2739,398679.5999,446789.6567,494287.77,539394.157,548166.6667,548166.6667,548166.6667,548166.6667,548166.6667,548166.6667,548166.6667,548166.6667,548166.6667,548166.6667,548166.6667,548166.6667,548166.6667,548166.6667,548166.6667,548166.6667
4/28/2011 0:00,0,0,0,15124.7746,48151.05849,96224.61359,150899.7173,200423.0476,248990.9974,297368.4306,349982.3074,398179.8164,445892.259,492595.3972,524333.3333,524333.3333,524333.3333,524333.3333,524333.3333,524333.3333,524333.3333,524333.3333,524333.3333,524333.3333,524333.3333,524333.3333,524333.3333,524333.3333,524333.3333,524333.3333,524333.3333
4/29/2011 0:00,0,0,0,14773.78907,47508.68262,95374.4383,150421.8028,200386.4592,249091.934,297315.2257,349659.1176,397577.7496,444868.4401,490636.9408,500500,500500,500500,500500,500500,500500,500500,500500,500500,500500,500500,500500,500500,500500,500500,500500,500500
4/30/2011 0:00,0,0,0,14418.90232,46847.39837,94492.25518,149906.3409,200303.7872,249131.4606,297178.4937,349257.8399,396874.2457,443718.7572,476666.6667,476666.6667,476666.6667,476666.6667,476666.6667,476666.6667,476666.6667,476666.6667,476666.6667,476666.6667,476666.6667,476666.6667,476666.6667,476666.6667,476666.6667,476666.6667,476666.6667,476666.6667
5/1/2011 0:00,0,0,0,14060.63497,46167.73077,93578.59367,149353.2721,200174.6619,249108.897,296957.2442,348779.6569,396070.1983,442443.8144,452833.3333,452833.3333,452833.3333,452833.3333,452833.3333,452833.3333,452833.3333,452833.3333,452833.3333,452833.3333,452833.3333,452833.3333,452833.3333,452833.3333,452833.3333,452833.3333,452833.3333,452833.3333
5/2/2011 0:00,0,0,0,13699.52645,45470.22371,92634.0021,148762.5167,199998.6931,249023.5427,296650.4662,348225.7986,395166.548,429000,429000,429000,429000,429000,429000,429000,429000,429000,429000,429000,429000,429000,429000,429000,429000,429000,429000,429000
5/3/2011 0:00,0,0,0,13336.13511,44755.43992,91659.04763,148133.9744,199775.4702,248874.6764,296257.1282,347597.542,394164.2826,405166.6667,405166.6667,405166.6667,405166.6667,405166.6667,405166.6667,405166.6667,405166.6667,405166.6667,405166.6667,405166.6667,405166.6667,405166.6667,405166.6667,405166.6667,405166.6667,405166.6667,405166.6667,405166.6667
5/4/2011 0:00,0,0,0,12971.0381,44023.96101,90654.31629,147467.5244,199504.5619,248661.5566,295776.178,346896.2113,381333.3333,381333.3333,381333.3333,381333.3333,381333.3333,381333.3333,381333.3333,381333.3333,381333.3333,381333.3333,381333.3333,381333.3333,381333.3333,381333.3333,381333.3333,381333.3333,381333.3333,381333.3333,381333.3333,381333.3333
5/5/2011 0:00,0,0,0,12604.83145,43276.38744,89620.41295,146763.0254,199185.5165,248383.4213,295206.5434,346123.178,357500,357500,357500,357500,357500,357500,357500,357500,357500,357500,357500,357500,357500,357500,357500,357500,357500,357500,357500,357500
5/6/2011 0:00,0,0,0,12238.13007,42513.33851,88557.96137,146020.3155,198817.8618,248039.4877,294547.1311,333666.6667,333666.6667,333666.6667,333666.6667,333666.6667,333666.6667,333666.6667,333666.6667,333666.6667,333666.6667,333666.6667,333666.6667,333666.6667,333666.6667,333666.6667,333666.6667,333666.6667,333666.6667,333666.6667,333666.6667,333666.6667
5/7/2011 0:00,0,0,0,11871.56768,41735.4524,87467.60413,145239.2126,198401.1051,247628.9528,293796.8277,309833.3333,309833.3333,309833.3333,309833.3333,309833.3333,309833.3333,309833.3333,309833.3333,309833.3333,309833.3333,309833.3333,309833.3333,309833.3333,309833.3333,309833.3333,309833.3333,309833.3333,309833.3333,309833.3333,309833.3333,309833.3333
5/8/2011 0:00,0,0,0,11505.7969,40943.38613,86350.00269,144419.5137,197934.7333,247150.993,286000,286000,286000,286000,286000,286000,286000,286000,286000,286000,286000,286000,286000,286000,286000,286000,286000,286000,286000,286000,286000,286000
5/9/2011 0:00,0,0,0,11141.48919,40137.8156,85205.83735,143560.9957,197418.2125,246604.7641,262166.6667,262166.6667,262166.6667,262166.6667,262166.6667,262166.6667,262166.6667,262166.6667,262166.6667,262166.6667,262166.6667,262166.6667,262166.6667,262166.6667,262166.6667,262166.6667,262166.6667,262166.6667,262166.6667,262166.6667,262166.6667,262166.6667
5/10/2011 0:00,0,0,0,10779.33485,39319.43554,84035.8073,142663.4146,196850.9887,238333.3333,238333.3333,238333.3333,238333.3333,238333.3333,238333.3333,238333.3333,238333.3333,238333.3333,238333.3333,238333.3333,238333.3333,238333.3333,238333.3333,238333.3333,238333.3333,238333.3333,238333.3333,238333.3333,238333.3333,238333.3333,238333.3333,238333.3333
5/11/2011 0:00,0,0,0,10420.04306,38488.95955,82840.63055,141726.5062,196232.487,214500,214500,214500,214500,214500,214500,214500,214500,214500,214500,214500,214500,214500,214500,214500,214500,214500,214500,214500,214500,214500,214500,214500
5/12/2011 0:00,0,0,0,10064.34186,37647.12009,81621.04398,140749.9857,190666.6667,190666.6667,190666.6667,190666.6667,190666.6667,190666.6667,190666.6667,190666.6667,190666.6667,190666.6667,190666.6667,190666.6667,190666.6667,190666.6667,190666.6667,190666.6667,190666.6667,190666.6667,190666.6667,190666.6667,190666.6667,190666.6667,190666.6667,190666.6667
5/13/2011 0:00,0,0,0,9712.978127,36794.66847,80377.80334,139733.5478,166833.3333,166833.3333,166833.3333,166833.3333,166833.3333,166833.3333,166833.3333,166833.3333,166833.3333,166833.3333,166833.3333,166833.3333,166833.3333,166833.3333,166833.3333,166833.3333,166833.3333,166833.3333,166833.3333,166833.3333,166833.3333,166833.3333,166833.3333,166833.3333
5/14/2011 0:00,0,0,0,9366.717611,35932.37487,79111.68322,138676.8667,143000,143000,143000,143000,143000,143000,143000,143000,143000,143000,143000,143000,143000,143000,143000,143000,143000,143000,143000,143000,143000,143000,143000,143000
5/15/2011 0:00,0,0,0,9026.344913,35061.02831,77823.47707,119166.6667,119166.6667,119166.6667,119166.6667,119166.6667,119166.6667,119166.6667,119166.6667,119166.6667,119166.6667,119166.6667,119166.6667,119166.6667,119166.6667,119166.6667,119166.6667,119166.6667,119166.6667,119166.6667,119166.6667,119166.6667,119166.6667,119166.6667,119166.6667,119166.6667
5/16/2011 0:00,0,0,0,8692.66349,34181.43667,76513.99721,95333.33333,95333.33333,95333.33333,95333.33333,95333.33333,95333.33333,95333.33333,95333.33333,95333.33333,95333.33333,95333.33333,95333.33333,95333.33333,95333.33333,95333.33333,95333.33333,95333.33333,95333.33333,95333.33333,95333.33333,95333.33333,95333.33333,95333.33333,95333.33333,95333.33333
5/17/2011 0:00,0,0,0,8366.495661,33294.4267,71500,71500,71500,71500,71500,71500,71500,71500,71500,71500,71500,71500,71500,71500,71500,71500,71500,71500,71500,71500,71500,71500,71500,71500,71500,71500
5/18/2011 0:00,0,0,0,8048.682597,32400.84399,47666.66667,47666.66667,47666.66667,47666.66667,47666.66667,47666.66667,47666.66667,47666.66667,47666.66667,47666.66667,47666.66667,47666.66667,47666.66667,47666.66667,47666.66667,47666.66667,47666.66667,47666.66667,47666.66667,47666.66667,47666.66667,47666.66667,47666.66667,47666.66667,47666.66667,47666.66667
5/19/2011 0:00,0,0,0,7740.08433,23833.33333,23833.33333,23833.33333,23833.33333,23833.33333,23833.33333,23833.33333,23833.33333,23833.33333,23833.33333,23833.33333,23833.33333,23833.33333,23833.33333,23833.33333,23833.33333,23833.33333,23833.33333,23833.33333,23833.33333,23833.33333,23833.33333,23833.33333,23833.33333,23833.33333,23833.33333,23833.33333
5/20/2011 0:00,0,0,0,0,0,0,0,0,0,0,0,0,0,0,0,0,0,0,0,0,0,0,0,0,0,0,0,0,0,0,0
9/30/2011 0:00,0,0,0,0,0,0,0,0,0,0,0,0,0,0,0,0,0,0,0,0,0,0,0,0,0,0,0,0,0,0,0
10/1/2011 0:00,70000,70000,70000,70000,70000,70000,70000,70000,70000,70000,70000,70000,70000,70000,70000,70000,70000,70000,70000,70000,70000,70000,70000,70000,70000,70000,70000,70000,70000,70000,70000
12/31/2011 0:00,70000,70000,70000,70000,70000,70000,70000,70000,70000,70000,70000,70000,70000,70000,70000,70000,70000,70000,70000,70000,70000,70000,70000,70000,70000,70000,70000,70000,70000,70000,70000
