Date,0,100000,200000,300000,400000,500000,600000,700000,800000,900000,1000000,1100000,1200000,1300000,1400000,1500000,1600000,1700000,1800000,1900000,2000000,2100000,2200000,2300000,2400000,2500000,2600000,2700000,2800000,2900000,3000000,3100000,3200000,3300000,3400000,3500000,3600000,3700000,3800000,3900000,4000000,4100000,4200000,4300000,4400000,4500000,4600000,4700000,4800000,4900000,5000000
1/1/2011 0:00,300000,300000,300000,300000,300000,300000,300000,300000,300000,300000,300000,300000,300000,300000,300000,300000,300000,300000,300000,300000,300000,300000,300000,300000,300000,300000,300000,300000,300000,300000,300000,300000,300000,300000,300000,300000,300000,300000,300000,300000,300000,300000,300000,300000,300000,300000,300000,300000,300000,300000,300000
1/31/2011 0:00,300000,300000,300000,300000,300000,300000,300000,300000,300000,300000,300000,300000,300000,300000,300000,300000,300000,300000,300000,300000,300000,300000,300000,300000,300000,300000,300000,300000,300000,300000,300000,300000,300000,300000,300000,300000,300000,300000,300000,300000,300000,300000,300000,300000,300000,300000,300000,300000,300000,300000,300000
2/1/2011 0:00,291000,291000,291000,291000,291000,291000,291000,291000,291000,291000,291000,291000,291000,291000,291000,291000,291000,291000,291000,291000,291000,291000,291000,291000,291000,291000,291000,291000,291000,291000,291000,291000,291000,291000,291000,291000,291000,291000,291000,291000,291000,291000,291000,291000,291000,291000,291000,291000,291000,291000,291000
2/2/2011 0:00,282000,282000,282000,282000,282000,282000,282000,282000,282000,282000,282000,282000,282000,282000,282000,282000,282000,282000,282000,282000,282000,282000,282000,282000,282000,282000,282000,282000,282000,282000,282000,282000,282000,282000,282000,282000,282000,282000,282000,282000,282000,282000,282000,282000,282000,282000,282000,282000,282000,282000,282000
2/3/2011 0:00,273000,273000,273000,273000,273000,273000,273000,273000,273000,273000,273000,273000,273000,273000,273000,273000,273000,273000,273000,273000,273000,273000,273000,273000,273000,273000,273000,273000,273000,273000,273000,273000,273000,273000,273000,273000,273000,273000,273000,273000,273000,273000,273000,273000,273000,273000,273000,273000,273000,273000,273000
2/4/2011 0:00,264000,264000,264000,264000,264000,264000,264000,264000,264000,264000,264000,264000,264000,264000,264000,264000,264000,264000,264000,264000,264000,264000,264000,264000,264000,264000,264000,264000,264000,264000,264000,264000,264000,264000,264000,264000,264000,264000,264000,264000,264000,264000,264000,264000,264000,264000,264000,264000,264000,264000,264000
2/5/2011 0:00,255000,255000,255000,255000,255000,255000,255000,255000,255000,255000,255000,255000,255000,255000,255000,255000,255000,255000,255000,255000,255000,255000,255000,255000,255000,255000,255000,255000,255000,255000,255000,255000,255000,255000,255000,255000,255000,255000,255000,255000,255000,255000,255000,255000,255000,255000,255000,255000,255000,255000,255000
2/6/2011 0:00,246000,246000,246000,246000,246000,246000,246000,246000,246000,246000,246000,246000,246000,246000,246000,246000,246000,246000,246000,246000,246000,246000,246000,246000,246000,246000,246000,246000,246000,246000,246000,246000,246000,246000,246000,246000,246000,246000,246000,246000,246000,246000,246000,246000,246000,246000,246000,246000,246000,246000,246000
2/7/2011 0:00,237000,237000,237000,237000,237000,237000,237000,237000,237000,237000,237000,237000,237000,237000,237000,237000,237000,237000,237000,237000,237000,237000,237000,237000,237000,237000,237000,237000,237000,237000,237000,237000,237000,237000,237000,237000,237000,237000,237000,237000,237000,237000,237000,237000,237000,237000,237000,237000,237000,237000,237000
2/8/2011 0:00,228000,228000,228000,228000,228000,228000,228000,228000,228000,228000,228000,228000,228000,228000,228000,228000,228000,228000,228000,228000,228000,228000,228000,228000,228000,228000,228000,228000,228000,228000,228000,228000,228000,228000,228000,228000,228000,228000,228000,228000,228000,228000,228000,228000,228000,228000,228000,228000,228000,228000,228000
2/9/2011 0:00,219000,219000,219000,219000,219000,219000,219000,219000,219000,219000,219000,219000,219000,219000,219000,219000,219000,219000,219000,219000,219000,219000,219000,219000,219000,219000,219000,219000,219000,219000,219000,219000,219000,219000,219000,219000,219000,219000,219000,219000,219000,219000,219000,219000,219000,219000,219000,219000,219000,219000,219000
2/10/2011 0:00,210000,210000,210000,210000,210000,210000,210000,210000,210000,210000,210000,210000,210000,210000,210000,210000,210000,210000,210000,210000,210000,210000,210000,210000,210000,210000,210000,210000,210000,210000,210000,210000,210000,210000,210000,210000,210000,210000,210000,210000,210000,210000,210000,210000,210000,210000,210000,210000,210000,210000,210000
2/11/2011 0:00,201000,201000,201000,201000,201000,201000,201000,201000,201000,201000,201000,201000,201000,201000,201000,201000,201000,201000,201000,201000,201000,201000,201000,201000,201000,201000,201000,201000,201000,201000,201000,201000,201000,201000,201000,201000,201000,201000,201000,201000,201000,201000,201000,201000,201000,201000,201000,201000,201000,201000,201000
2/12/2011 0:00,192000,192000,192000,192000,192000,192000,192000,192000,192000,192000,192000,192000,192000,192000,192000,192000,192000,192000,192000,192000,192000,192000,192000,192000,192000,192000,192000,192000,192000,192000,192000,192000,192000,192000,192000,192000,192000,192000,192000,192000,192000,192000,192000,192000,192000,192000,192000,192000,192000,192000,192000
2/13/2011 0:00,183000,183000,183000,183000,183000,183000,183000,183000,183000,183000,183000,183000,183000,183000,183000,183000,183000,183000,183000,183000,183000,183000,183000,183000,183000,183000,183000,183000,183000,183000,183000,183000,183000,183000,183000,183000,183000,183000,183000,183000,183000,183000,183000,183000,183000,183000,183000,183000,183000,183000,183000
2/14/2011 0:00,174000,174000,174000,174000,174000,174000,174000,174000,174000,174000,174000,174000,174000,174000,174000,174000,174000,174000,174000,174000,174000,174000,174000,174000,174000,174000,174000,174000,174000,174000,174000,174000,174000,174000,174000,174000,174000,174000,174000,174000,174000,174000,174000,174000,174000,174000,174000,174000,174000,174000,174000
2/15/2011 0:00,165000,165000,165000,165000,165000,165000,165000,165000,165000,165000,165000,165000,165000,165000,165000,165000,165000,165000,165000,165000,165000,165000,165000,165000,165000,165000,165000,165000,165000,165000,165000,165000,165000,165000,165000,165000,165000,165000,165000,165000,165000,165000,165000,165000,165000,165000,165000,165000,165000,165000,165000
2/16/2011 0:00,0,0,0,0,0,0,0,0,0,0,0,0,0,0,0,5266.038996,12192.17784,17773.03237,22678.73614,27579.43944,35910.91943,37944.9959,40996.83732,44571.91378,48628.08959,52948.37633,61004.76223,67762.26669,75578.14391,84498.94708,93120.47321,97804.27336,103488.0457,107034.0839,109876.5328,116444.532,124720.7427,132120.9302,139081.1635,145922.182,152849.2593,159952.3187,167205.8685,174469.0528,181485.5121,187883.5931,187883.5931,187883.5931,187883.5931,187883.5931,187883.5931
2/17/2011 0:00,0,0,0,0,0,0,0,0,0,0,0,0,0,0,0,9038.037516,16291.96306,22207.33631,27454.29043,32702.9765,40811.7081,43410.11139,46936.75198,50907.7391,55291.58039,59862.69723,68378.64822,75500.16726,83604.31162,92757.44067,101230.6257,106580.8897,113012.4634,117346.4528,120975.8224,128627.0005,137096.3247,144756.3263,152043.4037,159278.6289,166667.6045,174300.5857,182152.4117,190082.5608,197834.9982,205038.4044,205038.4044,205038.4044,205038.4044,205038.4044,205038.4044
2/18/2011 0:00,0,0,0,0,0,0,0,0,0,0,0,0,0,0,0,12788.69933,20367.69103,26614.86247,32200.34639,37794.29469,45725.33743,48879.05005,52872.80043,57233.33696,61939.81058,66764.50004,75741.16407,83229.37337,91625.98823,101017.1743,109395.0586,115395.6508,122558.1821,127662.5713,132060.6024,140734.8565,149401.5711,157323.2812,164936.7152,172563.2774,180408.8995,188564.1684,197004.2544,205588.9699,214062.6048,222054.1735,222054.1735,222054.1735,222054.1735,222054.1735,222054.1735
2/19/2011 0:00,0,0,0,0,0,0,0,0,0,0,0,0,0,0,0,16517.95094,24419.28826,30995.53735,36916.83054,42853.32053,50649.70251,54349.7819,58803.0276,63546.82723,68570.97499,73651.639,83090.01417,90947.43956,99640.57844,109275.4027,117608.0655,124243.1214,132120.0381,137977.5469,143126.2516,152766.756,161635.0806,169820.3368,177759.5827,185774.555,194071.5146,202741.3801,211759.6527,220986.4791,230166.4737,238928.9851,238928.9851,238928.9851,238928.9851,238928.9851,238928.9851
2/20/2011 0:00,0,0,0,0,0,0,0,0,0,0,0,0,0,0,0,20225.71883,28446.68123,35349.28743,41603.66936,47879.98051,55582.73583,59820.31435,64725.51585,69846.36719,75183.3058,80522.01574,90422.95032,98651.96776,107645.5344,117529.4283,125864.0575,133117.9841,141692.9853,148286.6052,154168.2668,164721.3746,173795.4717,182246.0544,190510.5103,198910.9087,207653.8396,216830.5534,226416.8821,236273.3065,246144.7662,255660.9431,255660.9431,255660.9431,255660.9431,255660.9431,255660.9431
2/21/2011 0:00,0,0,0,0,0,0,0,0,0,0,0,0,0,0,0,23911.92951,32449.79645,39676.03922,46260.78934,52874.20111,60522.40726,65288.69222,70638.38491,76130.1515,81775.07262,87373.57926,97737.77165,106340.6073,115638.3554,125776.6005,134157.5635,142015.0392,151272.0954,158585.0891,165182.2626,176597.4069,185881.3819,194599.0142,203188.0212,211970.8047,221154.2836,230830.0401,240974.2373,251447.69,261995.6626,272248.171,272248.171,272248.171,272248.171,272248.171,272248.171
2/22/2011 0:00,0,0,0,0,0,0,0,0,0,0,0,0,0,0,0,27576.50946,36428.56041,43975.71921,50888.11699,57835.90884,65466.72408,70752.9977,76539.79192,82396.41222,88344.58243,94204.32594,105032.3247,114011.0548,123616.5885,134014.3165,142483.2305,150929.205,160852.5581,168868.4596,176163.9712,188393.5671,197891.4682,206877.8163,215790.6583,224952.7285,234571.2749,244738.2116,255430.0325,266507.8863,277717.3628,288688.8113,288688.8113,288688.8113,288688.8113,288688.8113,288688.8113
2/23/2011 0:00,0,0,0,0,0,0,0,0,0,0,0,0,0,0,2978.087121,31219.38518,40382.8996,48248.25389,55485.57881,62765.03019,70413.73097,76211.3504,82427.9314,88643.41883,94890.17963,101012.2995,112304.5034,121661.0544,131577.8278,142240.0206,150835.8228,159855.5174,170429.6807,179132.2955,187109.2428,200108.5886,209824.407,219081.0798,228316.9835,237855.1849,247903.2613,258553.4584,269782.6011,281452.1719,293308.0859,304981.0262,304981.0262,304981.0262,304981.0262,304981.0262,304981.0262
2/24/2011 0:00,0,0,0,0,0,0,0,0,0,0,0,0,0,0,6563.747665,34840.48317,44312.74051,52493.56976,60053.10127,67661.49165,75361.51,81661.90732,88301.0353,94869.47816,101410.246,107795.5912,119552.249,129288.3975,139519.7149,150451.2045,159210.2229,168789.13,179998.8882,189372.2933,198014.0453,211741.2243,221678.8939,231207.4431,240765.5782,250676.6983,261148.7099,272274.1905,284030.2959,296278.8425,308766.0706,321122.997,321122.997,321122.997,321122.997,321122.997,321122.997
2/25/2011 0:00,0,0,0,0,0,0,0,0,0,0,0,0,0,0,10133.0434,38439.72993,48218.00966,56711.59332,64590.61089,72525.21973,80308.18064,87102.86285,94157.37292,101072.9345,107903.2007,114552.3394,126773.5503,136890.923,147439.9388,158645.4074,167601.431,177725.3146,189555.7237,199584.2672,208874.4643,223290.2464,233453.6439,243255.5642,253135.0431,263415.8122,274306.1071,285898.8372,298171.489,310986.2129,324089.5746,337112.9244,337112.9244,337112.9244,337112.9244,337112.9244,337112.9244
2/26/2011 0:00,0,0,0,0,0,0,0,0,0,0,0,0,0,0,13685.66669,42017.05194,52098.63352,60902.25106,69098.03415,77356.14092,85251.89974,92532.44879,99995.251,107252.1694,114367.5004,121280.7301,133966.4432,144466.517,155336.2359,166820.2158,176004.565,186659.4603,199095.8478,209764.1495,219686.7033,234754.4462,245147.3914,255224.1202,265423.9982,276071.0894,287373.9587,299425.847,312204.572,325572.6175,339276.8751,352949.0284,352949.0284,352949.0284,352949.0284,352949.0284,352949.0284
2/27/2011 0:00,0,0,0,0,0,0,0,0,0,0,0,0,0,0,17221.31468,45572.37571,55954.5386,65065.46948,73575.29755,82154.18171,90190.86157,97948.93433,105813.0136,113405.6021,120801.639,127978.9965,141129.0111,152013.1132,163206.3898,174973.2636,184414.8605,195587.0743,208615.039,219907.9898,230447.0837,246132.6346,256758.8899,267111.8077,277631.0829,288641.1123,300350.7897,312853.688,326127.9556,340036.41,354326.2686,368629.5485,368629.5485,368629.5485,368629.5485,368629.5485,368629.5485
2/28/2011 0:00,0,0,0,0,0,0,0,0,0,0,0,0,0,0,20739.68934,49105.62772,59785.65138,69201.17506,78022.32759,86919.26859,95123.29779,103350.6261,111609.0424,119531.6889,127204.1478,134645.4194,148259.385,159528.6925,171048.2318,183102.232,192827.6712,204503.7816,218109.1937,230011.956,241152.0445,257423.6417,268286.9126,278917.3425,289754.9561,301124.4824,313235.1447,326180.8473,339940.0699,354375.9634,369236.071,384152.7433,384152.7433,384152.7433,384152.7433,384152.7433,384152.7433
3/1/2011 0:00,0,0,0,0,0,0,0,0,0,0,0,0,0,3052.589295,27723.45039,56105.62248,67373.20607,77389.75374,86825.39356,96350.28664,104961.707,114103.0414,123129.6111,131695.8375,139908.5889,147876.0937,162416.3105,174458.961,186638.5412,199278.8928,209642.8409,222287.5642,237006.5673,250085.5256,262382.0524,279739.5296,291087.7191,302276.9142,313747.799,325825.7673,338720.7007,352527.1672,367224.3082,382675.9416,398630.2627,414720.2886,414720.2886,414720.2886,414720.2886,414720.2886,414720.2886
3/2/2011 0:00,0,0,0,0,0,0,0,0,0,0,0,0,0,6476.925977,31188.26466,59572.21821,71129.50096,81442.47981,91181.28248,101016.0708,109864.3302,119450.5651,128851.1012,137730.9993,146207.7708,154437.1435,169439.3607,181869.8492,194382.9077,207322.1846,218036.4959,231146.4783,246402.1678,260048.0532,272900.5665,290762.1673,302358.1456,313828.4796,325614.1829,338040.9819,351319.0873,365543.399,380693.3892,396633.2091,413111.3804,429761.2533,429761.2533,429761.2533,429761.2533,429761.2533,429761.2533
3/3/2011 0:00,0,0,0,0,0,0,0,0,0,0,0,0,0,9885.884794,34634.66132,63016.44818,74860.70954,85467.39904,95506.64402,105648.607,114753.7285,124776.8953,134544.7573,143733.015,152469.8224,160959.946,176423.2138,189242.118,202090.7605,215332.5959,226415.258,239978.1632,255757.4948,269956.5553,283350.5952,301693.1378,313540.3816,325292.9492,337392.1835,350164.1434,363819.369,378453.0918,394045.1149,410459.9229,427446.3639,444638.121,444638.121,444638.121,444638.121,444638.121,444638.121
3/4/2011 0:00,0,0,0,0,0,0,0,0,0,0,0,0,0,13279.1336,38062.36629,66438.23887,78566.75831,89464.43791,99801.40467,110247.8218,119628.3203,130080.5256,140209.148,149700.5279,158693.4621,167443.0189,183366.2375,196573.9855,209760.1676,223308.0449,234775.0697,248778.8326,265069.0335,279807.7885,293729.1665,312531.3679,324633.297,336669.1355,349080.5561,362193.9501,376220.1868,391254.8295,407278.0122,424154.5527,441633.6256,459349.2471,459349.2471,459349.2471,459349.2471,459349.2471,459349.2471
3/5/2011 0:00,0,0,0,0,0,0,0,0,0,0,0,0,0,16656.34505,41471.11028,69837.51678,82247.57376,93433.52293,104065.4909,114813.6417,124486.5618,135359.9869,145842.8793,155632.2189,164877.4457,173884.9271,190266.8468,203863.7168,217389.2443,231246.4971,243111.9912,257544.8183,274333.387,289598.6271,304033.4261,323275.8038,335635.7806,347955.8705,360678.0756,374129.1196,388520.2013,403947.2155,420390.6274,437715.5876,455671.5975,473893.0064,473893.0064,473893.0064,473893.0064,473893.0064,473893.0064
3/6/2011 0:00,0,0,0,0,0,0,0,0,0,0,0,0,0,20017.19658,44860.6288,73214.2084,85903.08239,97374.58059,108298.8293,119345.9931,129326.9464,140613.8476,151444.5943,161526.8063,171020.5662,180284.2828,197123.5044,211109.6245,224976.1535,239145.9655,251422.2005,266272.5695,283547.276,299326.0635,314260.6377,333925.4111,346546.7409,359152.0053,372183.536,385968.3889,400718.0922,416528.8725,433381.5258,451141.5358,469558.7308,488267.7929,488267.7929,488267.7929,488267.7929,488267.7929,488267.7929
3/7/2011 0:00,0,0,0,0,0,0,0,0,0,0,0,0,0,23361.37044,48230.66215,76568.24024,89533.21069,101287.5374,112501.3462,123844.8026,134148.0049,145840.7134,157012.9738,167383.0456,177121.6543,186639.7458,203934.7199,218310.0686,232519.1053,247004.5104,259701.9936,274958.6537,292707.5393,308987.2075,324408.1825,344479.1745,357365.1057,370256.4106,383595.7507,397710.5142,412812.5588,428998.4425,446249.2924,464430.9252,483293.4961,502472.0201,502472.0201,502472.0201,502472.0201,502472.0201,502472.0201
3/8/2011 0:00,0,0,0,0,0,0,0,0,0,0,0,0,2434.699152,26688.55365,51580.9554,79899.53879,93137.88516,105172.3198,116672.9683,128309.9967,138948.3055,151039.2274,162546.7358,173199.7298,183179.5778,192950.0232,210699.0507,225463.4566,240016.3572,254820.2394,267947.7839,283599.7558,301811.1331,318579.287,334473.5599,354936.0983,368089.8219,381267.9764,394913.5525,409354.2712,424802.3193,441354.5868,458992.5313,477582.3028,496874.3833,516504.1208,516504.1208,516504.1208,516504.1208,516504.1208,516504.1208
3/9/2011 0:00,0,0,0,0,0,0,0,0,0,0,0,0,5683.828413,29998.43804,54911.25846,83208.03053,96717.0323,109028.8543,120813.6219,132741.5018,143726.4538,156208.0704,168044.6358,178975.6894,189193.2421,199213.8693,217415.1013,232568.2431,247466.2141,262591.3076,276156.1031,292192.6785,310855.1316,328099.6475,344454.3868,365295.206,378719.856,392185.6117,406135.7936,420898.4549,436686.1118,453595.986,471609.8662,490594.235,510299.9017,530362.547,530362.547,530362.547,530362.547,530362.547,530362.547
3/10/2011 0:00,0,0,0,0,0,0,0,0,0,0,0,0,8918.492573,33290.72022,58221.326,86493.64198,100270.5786,112857.0675,124923.2337,137139.2444,148481.093,161345.96,173505.4668,184709.7922,195161.59,205430.086,224081.5236,239622.9303,254867.0283,270315.9174,284323.6002,300734.3425,319836.727,337545.7525,354348.3978,375555.5406,389254.1937,403008.2453,417261.3454,432341.8795,448462.6934,465721.3403,484099.9398,503465.3075,523568.5798,544045.7702,544045.7702,544045.7702,544045.7702,544045.7702,544045.7702
3/11/2011 0:00,0,0,0,0,0,0,0,0,0,0,0,0,12138.33498,36565.10161,61510.91749,89756.29961,103798.4505,116656.8858,129001.73,141503.1511,153210.9033,166451.6519,178928.0589,190400.9433,201083.6015,211597.5225,230697.0171,246626.0677,262217.1995,277992.3187,292447.0423,309221.7863,328753.2288,346915.183,364153.4456,385716.1642,399691.8401,413734.825,428289.0986,443683.3787,460130.8405,477729.3689,496461.4144,516194.1254,536678.9656,557552.2812,557552.2812,557552.2812,557552.2812,557552.2812,557552.2812
3/12/2011 0:00,0,0,0,0,0,0,0,0,0,0,0,0,15343.00378,39821.28842,64779.79719,92995.92994,107300.5746,120428.2357,133049.0374,145833.1484,157914.6025,171523.9385,184311.2799,196048.0854,206958.2943,217715.0754,237260.3285,253576.2522,269515.1747,285618.8087,300523.3141,317652.1658,337602.0648,356205.6381,373867.5006,395776.1584,410031.8196,424364.3182,439217.9634,454921.8055,471689.349,489618.8105,508692.9716,528779.3131,549629.6263,570880.5901,570880.5901,570880.5901,570880.5901,570880.5901,570880.5901
3/13/2011 0:00,0,0,0,0,0,0,0,0,0,0,0,0,18532.15191,43058.99163,68027.73417,96212.45944,110776.8774,124171.0437,137065.0823,150129.1626,162590.946,176561.6502,189654.0348,201650.1984,212784.7231,223781.6886,243770.2519,260472.1281,276759.4483,293193.7319,308549.4182,326022.7552,346380.7802,365414.9344,383488.6507,405734.6241,420273.1759,434895.7115,450046.8693,466056.0322,483137.0342,501388.4233,520793.3122,541219.5143,562419.1486,584029.2264,584029.2264,584029.2264,584029.2264,584029.2264,584029.2264
3/14/2011 0:00,0,0,0,0,0,0,0,0,0,0,0,0,21705.43711,46277.92705,71254.50227,99405.81463,114227.2852,127885.2363,141049.7913,154391.1204,167238.7263,181563.6544,194955.266,207206.2998,218561.9804,229796.3535,250225.6287,267312.3869,283948.5622,300715.4802,316522.475,334330.9461,355087.0382,374541.0065,393015.102,415590.6815,430414.9722,445328.0107,460774.7651,477084.9505,494472.7304,513036.9846,532761.1565,553513.3921,575046.1384,596996.7388,596996.7388,596996.7388,596996.7388,596996.7388,596996.7388
3/15/2011 0:00,0,0,0,0,0,0,0,0,0,0,0,781.033141,24862.52189,49477.81525,74459.88015,102575.922,117651.7248,131570.74,145003.0909,158618.9482,171856.7734,186528.856,200213.9535,212715.4443,224289.1958,235758.1088,256625.3479,274095.7678,291081.1054,308182.4931,324439.7227,342574.2482,363718.6196,383581.9068,402445.1781,425343.4703,440456.2909,455660.2412,471400.6189,488007.4713,505695.2916,524563.291,544595.2441,565659.629,587509.2209,609781.6956,609781.6956,609781.6956,609781.6956,609781.6956,609781.6956
3/16/2011 0:00,0,0,0,0,0,0,0,0,0,0,0,3847.789074,28003.07358,52658.38162,77643.65124,105722.708,121050.1224,135227.4813,148924.9076,162812.5725,176443.9546,191456.1975,205429.1144,218176.7241,229965.5364,241666.0405,262968.3457,280821.0571,298155.7146,315593.2572,332298.5172,350750.2887,372273.4234,392535.8052,411777.3206,434992.1492,450396.2337,465891.4476,481923.4182,498822.5251,516803.5909,535966.1587,556294.3337,577656.9268,599807.0408,622382.6841,622382.6841,622382.6841,622382.6841,622382.6841,622382.6841
3/17/2011 0:00,0,0,0,0,0,0,0,0,0,0,0,6900.918495,31126.76429,55819.35633,80805.60378,108846.0992,124422.4047,138855.3867,152815.1678,166971.9199,180999.1749,196344.6584,210599.8034,223589.2688,235590.2068,247519.2822,269253.6057,287487.0886,305171.0738,322946.3066,340096.3323,358856.8128,380749.4659,401400.9898,421010.0887,444535.8966,460233.9218,476020.6939,492342.1698,509529.0614,527796.5209,547244.423,567857.2038,589504.0064,611938.262,634798.3113,634798.3113,634798.3113,634798.3113,634798.3113,634798.3113
3/18/2011 0:00,0,0,0,0,0,0,0,0,0,0,0,9940.040251,34233.27092,58960.47434,83945.53079,111946.0221,127768.4981,142454.3826,156673.798,171096.9167,185521.3763,201193.2559,215725.1127,228952.2454,241162.4489,253317.0148,275480.159,294092.7435,312125.9141,330240.2228,347830.7594,366891.6833,389144.8814,410175.8661,430142.1594,453973.9101,469968.4956,486047.0634,502655.8999,520126.0494,538672.9935,558396.9386,579282.6519,601199.6084,623901.5679,647027.2032,647027.2032,647027.2032,647027.2032,647027.2032,647027.2032
3/19/2011 0:00,0,0,0,0,0,0,0,0,0,0,0,12964.77798,37322.27517,62081.47542,87063.23008,115022.4031,131088.3291,146024.3956,160500.7248,175187.4896,190009.5384,206001.0446,220804.1715,234264.8581,246681.542,259058.4663,281647.0838,300636.9503,319019.0144,337473.6346,355499.508,374852.8811,397457.9221,418858.9578,439172.3278,463305.4066,479599.1149,495969.6587,512863.654,530612.4773,549431.9399,569422.5797,590569.4948,612742.4926,635695.6611,659068.0053,659068.0053,659068.0053,659068.0053,659068.0053,659068.0053
3/20/2011 0:00,0,0,0,0,0,0,0,0,0,0,0,15974.76011,40393.46354,65182.10411,90158.50429,118075.1687,134381.8242,149565.3523,164295.8746,179243.5649,194462.6783,210767.1163,225836.1468,239526.3489,252146.8027,264742.9125,287753.5061,307118.6849,325849.2007,344645.2183,363100.405,382738.5046,405686.9578,427448.906,448099.5063,472529.6224,489124.9588,505787.6019,522964.4969,540987.3528,560072.3106,580320.2396,601716.569,624131.438,647319.2635,670919.3825,670919.3825,670919.3825,670919.3825,670919.3825,670919.3825
3/21/2011 0:00,0,0,0,0,0,0,0,0,0,0,0,18969.61987,43446.52731,68262.10977,93231.16081,121104.2455,137648.9099,153077.1789,168059.174,183265.0693,198879.8503,215490.6003,230820.2427,244735.9968,257557.5852,270369.6764,293798.5989,313536.9707,332615.3464,351753.6974,370631.3955,390546.7701,413830.4762,435944.4698,456922.7256,481645.813,498545.2258,515500.0341,532957.5128,551249.7031,570593.0755,591088.8311,612722.7299,635365.2432,658771.1165,682580.019,682580.019,682580.019,682580.019,682580.019,682580.019
3/22/2011 0:00,0,0,0,0,0,0,0,0,0,0,928.3653348,21948.99529,46481.16255,71321.24653,96281.01183,124109.56,140889.5128,156559.8022,171790.5493,187251.9291,203260.1462,220170.6634,235755.701,249893.1185,262913.2809,275938.1283,299781.5828,319890.8782,339316.3724,358797.8431,378090.542,398276.0116,421887.0828,444344.526,465641.1337,490653.2535,507859.1337,525106.1161,542841.8052,561398.5744,580993.2238,601727.2862,623586.8525,646442.7259,670049.9807,694048.6182,694048.6182,694048.6182,694048.6182,694048.6182,694048.6182
3/23/2011 0:00,0,0,0,0,0,0,0,0,0,0,3812.299936,24912.52916,49497.07016,74359.27333,99307.87437,127091.0386,144103.5592,160013.1485,175489.9272,191204.071,207602.6952,224806.5097,240641.8006,254997.0678,268213.3187,281447.6859,305701.7256,326179.5256,345951.2468,365776.4735,385476.0252,405924.681,429855.5008,452648.0694,474253.9967,499551.238,517065.9196,534605.0279,552616.497,571433.0325,591271.7642,612234.5565,634307.8311,657362.7232,681154.6362,705323.9031,705323.9031,705323.9031,705323.9031,705323.9031,705323.9031
3/24/2011 0:00,0,0,0,0,0,0,0,0,0,0,6683.372441,27859.8691,52493.95578,77375.95389,102311.5702,130048.6078,147290.9757,163437.1443,179157.2342,195121.4213,211906.6637,229397.3805,245477.858,260047.2362,273457.165,286897.8144,311558.3426,332402.0783,352518.9853,372688.4545,392786.1432,413491.348,437734.5713,460854.2123,482760.6985,508339.0803,526164.84,543995.9689,562280.7303,581352.1623,601427.7245,622609.6126,644884.5793,668124.0917,692083.8821,716404.6157,716404.6157,716404.6157,716404.6157,716404.6157,716404.6157
3/25/2011 0:00,0,0,0,0,0,0,0,0,0,0,9541.177188,30790.6675,55471.52988,80371.05674,105291.9259,132982.1941,150451.6888,166831.7162,182792.3966,199003.9065,216171.2559,233942.5549,250263.227,265043.0523,278644.3233,292288.0263,317350.7966,338557.7492,359018.6509,379532.6992,400019.3121,420974.7001,445523.253,468962.1849,491160.7406,517016.1132,535155.1708,553278.1576,571833.6668,591155.0684,611460.1519,632851.4446,655316.0301,678725.7071,702836.5374,727289.5176,727289.5176,727289.5176,727289.5176,727289.5176,727289.5176
3/26/2011 0:00,0,0,0,0,0,0,0,0,0,0,12385.31331,33704.58157,58429.50771,83344.35519,108248.7729,135891.7241,153585.625,170196.7907,186395.3411,202851.4533,220395.713,238441.3492,254997.2988,269983.9824,283774.3348,297617.8814,323078.4974,344645.7983,365449.3539,386308.168,407174.0657,428373.5424,453220.6227,476971.3353,499453.7425,525581.6892,544036.207,562450.8321,581274.4872,600840.8744,621368.1131,642959.062,665601.1358,689166.4646,713411.4398,737977.3898,737977.3898,737977.3898,737977.3898,737977.3898,737977.3898
3/27/2011 0:00,0,0,0,0,0,0,0,0,0,0,15215.38474,36601.27328,61367.60933,86295.62734,111181.9472,138777.1242,156692.7108,173532.2942,189965.994,206663.988,224579.3138,242893.1169,259679.502,274869.5299,288846.7779,302886.9871,328740.9027,350665.5333,371810.2519,393013.8689,414249.0558,435686.798,460825.8748,484881.1293,507639.4413,534035.1797,552807.2632,571513.2498,590602.3917,610408.7234,631150.6939,652931.4936,675738.8679,699445.2787,723807.4468,748467.0323,748467.0323,748467.0323,748467.0323,748467.0323,748467.0323
3/28/2011 0:00,0,0,0,0,0,0,0,0,0,0,18031.00018,39480.40942,64285.55957,89224.6561,114091.29,141638.3209,159772.8726,176838.1532,193504.282,210441.4372,228721.3744,247297.2492,264309.3026,279699.2359,293861.2686,308094.998,334337.517,356616.3091,378100.5502,399648.8572,421243.0517,442913.5078,468338.3213,492691.1504,515717.692,542375.9759,561467.6732,580464.6873,599816.6,619857.7779,640806.9997,662767.7874,685728.2175,709561.0832,734023.435,758757.2648,758757.2648,758757.2648,758757.2648,758757.2648,758757.2648
3/29/2011 0:00,0,0,0,0,0,0,0,0,0,0,20831.77316,42341.66156,67183.08806,92131.22916,116976.6469,144475.2407,162826.0371,180114.2943,197010.1314,214183.7273,232821.2485,251653.1746,268886.2041,284472.6786,298817.46,313241.6161,339867.8927,362497.5281,384319.5012,406212.2354,428154.9407,450052.8302,475757.3924,500401.1,523688.4674,550603.488,570016.7902,589304.4407,608916.3509,629187.2194,650336.155,672467.011,695568.1949,719512.8313,744058.3006,768846.9261,768846.9261,768846.9261,768846.9261,768846.9261,768846.9261
3/30/2011 0:00,0,0,0,0,0,0,0,0,0,0,23617.32198,45184.70607,70059.92923,95015.139,119837.8684,147287.8101,165852.1306,183360.6439,200483.4689,217890.7849,236878.3269,255960.3589,273409.7472,289189.4738,303715.0428,318326.5908,345331.6293,368308.6399,390466.4048,412703.1536,434983.7277,457104.0418,483082.6358,508010.7973,531551.858,558717.1457,578453.9867,598031.8254,617900.9026,638396.2492,659737.3037,682028.2511,705257.8298,729299.4955,753910.9588,778734.8744,778734.8744,778734.8744,778734.8744,778734.8744,778734.8744
3/31/2011 0:00,0,0,0,0,0,0,0,0,0,0,26387.26974,48009.2241,72915.82231,97876.18292,122674.81,150075.9556,168851.0796,186577.1285,203924.2208,221562.5365,240892.038,260218.3054,277879.5102,293849.2745,308553.7452,323349.7188,350728.3737,374049.1417,396540.6081,419120.8092,441728.5357,464066.5366,490313.7171,515520.1793,539308.0722,566716.398,586778.6546,606646.176,626769.5326,647484.0876,669009.6092,691450.6139,714796.171,738920.0676,763580.3443,788419.9873,788419.9873,788419.9873,788419.9873,788419.9873,788419.9873
4/1/2011 0:00,0,0,0,0,0,0,0,0,0,0,29141.24433,50814.90161,75750.5113,100714.163,125487.3318,152839.6037,171822.8107,189763.6746,207332.3137,225198.9085,244861.8475,264426.5548,282295.1086,298451.7714,313333.3324,328310.8444,356057.8202,379718.5778,402541.5059,425464.4469,448388.605,470939.8268,497450.4197,522929.3007,546957.4361,574600.7132,594990.205,615146.8466,635521.538,656449.9744,678152.2541,700733.2249,724182.287,748373.5588,773065.4112,797901.1617,797901.1617,797901.1617,797901.1617,797901.1617,797901.1617
4/2/2011 0:00,0,0,0,0,0,0,0,0,0,2022.359312,31878.87844,53601.42936,78563.74502,103528.8861,128275.2986,155578.6809,174767.2503,192920.2087,210707.6741,228799.8274,248787.2586,268584.6851,286656.1954,302996.6924,318053.6075,333209.8591,361319.7105,385316.5403,408468.5401,431733.3589,454963.2943,477723.542,504492.6446,530238.3341,554500.3937,582369.5789,603088.0685,623533.2107,644156.235,665293.1687,687164.4402,709875.2287,733415.2654,757658.9997,782365.1329,807177.3138,807177.3138,807177.3138,807177.3138,807177.3138,807177.3138
4/3/2011 0:00,0,0,0,0,0,0,0,0,0,4852.900293,34599.80956,56368.50287,81355.27707,106320.1638,131038.5803,158293.1137,177684.325,196046.6574,214050.2284,232365.2197,252667.8117,272692.3118,290962.461,307483.8027,322714.4106,338046.7017,366513.8337,390842.6682,414321.2001,437926.8847,461452.0795,484417.4298,511440.411,537447.5697,561937.5066,590022.5023,611071.6949,631804.6608,652672.959,674012.949,696045.3889,718875.7897,742494.2133,766775.4401,791478.5021,816247.3792,816247.3792,816247.3792,816247.3792,816247.3792,816247.3792
4/4/2011 0:00,0,0,0,0,0,0,0,0,0,7676.332013,37303.67995,59115.82249,84124.86584,109087.8127,133777.0512,160982.8285,180573.9613,199142.947,217359.9033,235895.012,256503.0849,276749.0878,295213.6332,311912.9051,327315.6194,342821.3586,371640.0262,396296.6482,420099.0227,444044.4113,467854.5548,491021.3556,518293.8554,544557.4157,569269.4543,597559.0096,618940.5534,639960.6091,661071.0651,682608.613,704794.3409,727734.0912,751418.2569,775721.9492,800404.5308,825110.3128,825110.3128,825110.3128,825110.3128,825110.3128,825110.3128
4/5/2011 0:00,0,0,0,0,0,0,0,0,0,10490.64599,39990.13668,61843.09334,86872.27453,111831.654,136490.5909,163647.752,183436.0856,202209.0042,220636.6251,239389.1307,260292.6934,280754.7033,299409.4772,316283.8397,331857.1489,347533.8635,376698.1719,401678.2143,425801.592,450085.3729,474170.4317,497535.3025,525053.2324,551568.3981,576497.0343,604978.6465,626694.1327,648000.4869,669349.9274,691079.4778,713410.5561,736449.3362,760186.5419,784497.6155,809142.2504,833765.0889,833765.0889,833765.0889,833765.0889,833765.0889,833765.0889
4/6/2011 0:00,0,0,0,0,0,0,0,0,0,13293.94678,42658.83162,64550.02534,89597.2711,114551.5137,139179.0832,166287.8105,186270.6244,205244.7553,223880.3203,242847.5023,264036.29,284708.8859,303549.7956,320596.4839,336338.9515,352184.2974,381688.202,406987.1478,431428.5394,456049.2512,480399.54,503959.3713,531718.9144,558481.1604,583621.1615,612280.9781,634331.9405,655923.7451,677508.9397,699424.8798,721893.3138,745020.7467,768798.2334,793101.5469,817690.7118,842210.701,843015.5457,843015.5457,843015.5457,843015.5457,843015.5457
4/7/2011 0:00,0,0,0,0,0,0,0,0,0,16084.44938,45309.42142,67236.33322,92299.62835,117247.2226,141842.4172,168902.9305,189077.5042,208250.127,227090.9155,246270.0534,267733.5648,288611.4008,307634.4283,324850.7528,340761.0171,356772.7887,386610.095,412223.2775,436979.544,461935.5753,486541.8269,510293.781,538291.3914,565296.4643,590642.8688,619465.5887,641853.5041,663729.8537,685547.5148,707644.175,730241.9126,753447.5643,777252.5158,801532.8707,826048.9848,837632.2761,837632.2761,837632.2761,837632.2761,837632.2761,837632.2761
4/8/2011 0:00,0,0,0,0,0,0,0,0,0,18860.47669,47941.56752,69901.73647,94979.12383,119918.6165,144480.4865,171493.0387,191856.6516,211225.0456,230268.3372,249656.7103,271384.2452,292462.0502,311663.2527,329046.5986,345123.373,361299.5132,391463.8769,417386.4794,442454.332,467743.9215,492597.3575,516538.8679,544771.2713,572015.1889,597563.3069,626532.082,649258.3701,671418.3021,693465.0849,715736.7383,738455.6706,761729.0498,785548.5927,809790.7334,832334.6305,832334.6305,832334.6305,832334.6305,832334.6305,832334.6305,832334.6305
4/9/2011 0:00,0,0,0,0,0,0,0,0,0,21620.45689,50554.93617,72545.9594,97635.53992,122565.5356,147093.1896,174058.0614,194607.993,214169.4377,233412.5118,253007.3997,274988.0962,296260.6742,315636.1835,333184.011,349426.0837,365764.6942,396249.6211,422476.6772,447852.6769,473473.9138,498566.3147,522695.0863,551159.2798,578638.3314,604383.7443,633480.0811,656546.1043,678988.599,701261.1018,723701.9643,746533.9251,769864.4835,793685.6871,817874.3009,827100.2123,827100.2123,827100.2123,827100.2123,827100.2123,827100.2123,827100.2123
4/10/2011 0:00,0,0,0,0,0,0,0,0,0,24362.92093,53149.1984,75168.73111,100268.6638,125187.8253,149680.4299,176597.9251,197331.4548,217083.2297,236523.3658,256322.048,278544.9202,300007.1498,319553.173,337263.017,353669.2512,370168.6022,400967.4483,427493.8416,453174.4,479125.2232,504448.9993,528763.0084,557456.2605,585167.0066,611105.5671,640309.2283,663716.292,686440.2727,708935.0363,731539.2668,754476.0326,777853.1647,801663.0415,821907.8764,821907.8764,821907.8764,821907.8764,821907.8764,821907.8764,821907.8764,821907.8764
4/11/2011 0:00,0,0,0,0,0,0,0,0,0,27086.49992,55724.03005,77769.78548,102878.2873,127785.3355,152242.1152,179112.5564,200026.9637,219966.3483,239600.8258,259600.5816,282054.5567,303701.3918,323414.2107,341283.6812,357853.015,374511.5551,405617.5265,432437.9909,458419.3695,484697.5683,510245.8297,534743.324,563663.1745,591602.4472,617730.2795,647019.1855,670768.5378,693772.8704,716486.3788,739248.0789,762281.3694,785694.4124,809479.9176,816737.6981,816737.6981,816737.6981,816737.6981,816737.6981,816737.6981,816737.6981,816737.6981
4/12/2011 0:00,0,0,0,0,0,0,0,0,0,29789.92255,58279.11173,80348.8612,105464.2073,130357.9211,154778.1586,181601.8817,202694.4461,222818.7198,242644.8182,262842.9272,285516.883,307343.3522,327219.3236,345246.1055,361977.5519,378793.9184,410200.0713,437309.1907,463587.5013,490190.7151,515957.3423,540636.8408,569781.1009,597946.0036,624259.5033,653609.6335,677702.4656,700985.9589,723914.6389,746827.8531,769949.3306,793387.5648,811570.9415,811570.9415,811570.9415,811570.9415,811570.9415,811570.9415,811570.9415,811570.9415,811570.9415
4/13/2011 0:00,0,0,0,0,0,0,0,0,878.3891235,32472.01255,60814.12886,82905.70174,108026.2253,132905.4416,157288.4777,184065.8276,205333.8286,225640.2708,245655.2695,266049.0111,288931.8134,310933.0204,330968.5759,349150.4292,366043.0761,383016.1046,414715.3455,442107.5542,468678.7585,495604.4769,521584.1911,546444.4842,575811.2365,604199.1441,630694.9781,660080.2729,684517.7186,708079.1245,731219.3455,754278.0612,777479.3309,800931.9794,806390.0283,806390.0283,806390.0283,806390.0283,806390.0283,806390.0283,806390.0283,806390.0283,806390.0283
4/14/2011 0:00,0,0,0,0,0,0,0,0,3617.888302,35131.68609,63328.77165,85440.05537,110564.1476,135427.7614,159772.9949,186504.3205,207945.0375,228430.9277,248632.1062,269218.7599,292299.3,314470.4232,334662.0695,352996.8288,370049.8393,387178.5738,419163.6594,446833.2415,473693.1516,500938.7144,527127.1479,552167.2976,581754.8961,610363.4546,637038.5613,666430.8234,691213.9594,715051.9725,738400.047,761598.1944,784870.8044,801178.5063,801178.5063,801178.5063,801178.5063,801178.5063,801178.5063,801178.5063,801178.5063,801178.5063,801178.5063
4/15/2011 0:00,0,0,0,0,0,0,0,0,6348.555323,37767.94923,65822.73509,87951.67516,113077.7853,137924.7497,162231.6375,188917.2869,210527.9993,231190.6171,251575.2549,272352.1001,295619.3319,317955.6248,338299.9435,356785.5186,373998.1303,391281.8336,423545.3706,451486.4606,478630.7387,506193.3357,532587.1024,557806.4419,587613.512,616440.639,643292.228,672661.024,697790.87,721904.1277,745456.3109,768787.7633,792123.2045,795921.0182,795921.0182,795921.0182,795921.0182,795921.0182,795921.0182,795921.0182,795921.0182,795921.0182,795921.0182
4/16/2011 0:00,0,0,0,0,0,0,0,0,9068.161275,40379.89534,68295.719,90440.31897,115566.9544,140396.2806,164664.3375,191304.6534,213082.6407,233919.2654,254484.642,275448.9582,298891.9359,321388.7268,341882.3744,360516.7499,377888.2756,395326.4387,427860.884,456067.4666,483491.625,511368.2962,537965.0621,563363.1959,593388.6344,622432.5189,649458.0714,678770.6332,704248.1517,728635.2342,752387.7244,775846.2975,790603.2701,790603.2701,790603.2701,790603.2701,790603.2701,790603.2701,790603.2701,790603.2701,790603.2701,790603.2701,790603.2701
4/17/2011 0:00,0,0,0,0,0,0,0,0,11774.60722,42966.70249,70747.42795,92905.74943,118031.4756,142842.2327,167071.0317,193666.3464,215608.8881,236616.7991,257360.194,278509.2606,302117.176,324769.8683,345409.5762,364190.8116,381720.6391,399312.9915,432110.6521,460576.5619,488275.9631,516463.5987,543262.1522,568838.9564,599081.9314,628341.0336,655538.3021,684759.4286,710585.525,735244.9555,759193.8936,782773.3464,785212,785212,785212,785212,785212,785212,785212,785212,785212,785212,785212
4/18/2011 0:00,0,0,0,0,0,0,0,0,14465.92164,45527.63096,73177.57134,95347.734,120471.1743,145262.4896,169451.6618,196002.2924,218106.6679,239283.1448,260201.8374,281532.9339,305295.1538,328099.2257,348881.8002,367808.0301,385495.6218,403242.1414,436295.1745,465014.0966,492983.9532,521479.2936,548479.6158,574235.2376,604695.1887,634168.2405,661535.2487,690627.2075,716802.7299,741732.9745,765874.4443,779734.9467,779734.9467,779734.9467,779734.9467,779734.9467,779734.9467,779734.9467,779734.9467,779734.9467,779734.9467,779734.9467,779734.9467
4/19/2011 0:00,0,0,0,0,0,0,0,0,17140.25784,48062.02058,75585.86332,97766.04492,122885.8809,147656.9397,171806.1742,198312.4179,220575.9067,241918.229,263009.4986,284519.9046,308426.008,331377.0127,352299.3352,371368.7688,389213.6625,407114.5855,440414.9985,469380.4679,497615.8426,526415.4783,553618.8135,579553.6718,610230.31,639916.3143,667451.3577,696373.7862,722899.5257,748098.9932,772429.0215,774160.8181,774160.8181,774160.8181,774160.8181,774160.8181,774160.8181,774160.8181,774160.8181,774160.8181,774160.8181,774160.8181,774160.8181
4/20/2011 0:00,0,0,0,0,0,0,0,0,19795.8914,50569.28823,77972.02289,100160.4592,125275.4305,150025.4761,174134.5201,200596.6494,223016.531,244521.978,265783.1043,287470.0991,311509.915,334603.4806,355662.5072,374873.429,392875.237,410931.068,444470.7186,473676.1204,502171.9263,531272.2979,558681.2241,584796.0091,615689.3166,645587.5479,673289.1931,701999.0005,728875.691,754342.7332,768479.2604,768479.2604,768479.2604,768479.2604,768479.2604,768479.2604,768479.2604,768479.2604,768479.2604,768479.2604,768479.2604,768479.2604,768479.2604
4/21/2011 0:00,0,0,0,0,0,0,0,0,22431.21757,53048.92522,80335.7738,102530.7587,127639.6629,152367.9968,176436.6555,202854.9134,225428.4672,247094.3185,268522.5809,290383.444,314547.0885,337778.9179,358971.6798,378322.4491,396480.8588,414692.3809,448462.9765,477901.5462,506652.5464,536049.9447,563668.444,589964.1171,621074.3476,651184.3519,679051.4368,707502.7056,734731.0237,760463.9352,762680.8259,762680.8259,762680.8259,762680.8259,762680.8259,762680.8259,762680.8259,762680.8259,762680.8259,762680.8259,762680.8259,762680.8259,762680.8259
4/22/2011 0:00,0,0,0,0,0,0,0,0,25044.74875,55500.49473,82676.8446,104876.73,129978.4228,154684.4046,178712.5412,205087.1364,227811.6419,249635.1769,271227.8548,293259.8657,317537.7794,340903.6507,362227.254,381716.3049,400031.0786,418399.3631,452392.4617,482057.2847,511058.0924,540748.6584,568582.1872,595059.9814,626387.6601,656709.2546,684740.8887,712884.7758,740465.3412,756756.9424,756756.9424,756756.9424,756756.9424,756756.9424,756756.9424,756756.9424,756756.9424,756756.9424,756756.9424,756756.9424,756756.9424,756756.9424,756756.9424
4/23/2011 0:00,0,0,0,0,0,0,0,0,27635.11186,57923.62926,84994.96865,107198.1645,132291.5597,156974.6069,180962.1428,207293.2449,230165.9816,252144.4798,273898.8527,296099.2907,320482.2762,343978.0423,365429.668,385055.5096,403526.4846,422052.9012,456259.9107,486143.9228,515389.0014,545368.7262,573424.2859,600085.7054,631631.6287,662164.9021,690360.4662,718145.1049,746078.4802,750699.8813,750699.8813,750699.8813,750699.8813,750699.8813,750699.8813,750699.8813,750699.8813,750699.8813,750699.8813,750699.8813,750699.8813,750699.8813,750699.8813
4/24/2011 0:00,0,0,0,0,0,0,0,884.7280418,30201.04581,60318.02801,87289.88409,109494.8585,134578.9279,159238.5161,183185.4307,209473.1654,232491.4127,254622.1535,276535.5009,298901.6456,323380.9049,347002.4935,368579.3975,388340.614,406967.7024,425653.929,460066.1076,490162.0946,519645.7577,549910.4825,578196.6897,605043.5103,636808.7461,667554.0583,695913.2047,723283.6061,744502.7264,744502.7264,744502.7264,744502.7264,744502.7264,744502.7264,744502.7264,744502.7264,744502.7264,744502.7264,744502.7264,744502.7264,744502.7264,744502.7264,744502.7264
4/25/2011 0:00,0,0,0,0,0,0,0,3469.189775,32741.39891,62683.45438,89561.33387,111766.6129,136840.3864,161476.0492,185382.3801,211626.8243,234787.8617,257068.1246,279137.7259,301666.8568,326234.0287,349977.4426,371676.9556,391572.206,410355.3949,429203.4278,463811.8837,494112.4816,523828.8929,554374.3092,582901.4662,609935.735,641921.6225,672879.605,701402.2572,728300.2118,738159.3428,738159.3428,738159.3428,738159.3428,738159.3428,738159.3428,738159.3428,738159.3428,738159.3428,738159.3428,738159.3428,738159.3428,738159.3428,738159.3428,738159.3428
4/26/2011 0:00,0,0,0,0,0,0,0,6041.810233,35255.12629,65019.73331,91809.0657,114013.2335,139075.7991,163687.1283,187552.9709,213754.1483,237055.2552,259482.3197,281705.4544,304394.8509,329042.0481,352903.365,374722.893,394750.911,413690.2626,432702.4262,467498.118,497995.8129,527938.9863,558760.6355,587540.8008,614764.8362,646972.9861,678144.5417,706830.8946,731664.345,731664.345,731664.345,731664.345,731664.345,731664.345,731664.345,731664.345,731664.345,731664.345,731664.345,731664.345,731664.345,731664.345,731664.345,731664.345
4/27/2011 0:00,0,0,0,0,0,0,0,8600.283302,37741.28737,67326.74879,94032.83212,116234.5309,141285.0346,165871.68,189697.1878,215855.0637,239293.5196,261864.6651,284238.6127,307085.5542,331805.4013,355780.7737,377717.7973,397877.392,416973.0431,436152.0002,471125.7364,501812.8647,531976.6641,563069.9382,592116.9966,619533.3885,651965.6827,683351.9856,712202.5056,725013.0659,725013.0659,725013.0659,725013.0659,725013.0659,725013.0659,725013.0659,725013.0659,725013.0659,725013.0659,725013.0659,725013.0659,725013.0659,725013.0659,725013.0659,725013.0659
4/28/2011 0:00,0,0,0,0,0,0,0,11142.4498,40199.04322,69604.44123,96232.39045,118430.3205,143467.9664,168029.6358,191815.0206,217929.4971,241502.5814,264215.0874,286737.1273,309738.8934,334524.5637,358610.2192,380662.2941,400952.3491,420204.5117,439553.2733,474695.7127,505564.4607,535942.6004,567302.7411,596632.4745,624244.0841,656902.6761,688505.1719,717520.5968,718201.5253,718201.5253,718201.5253,718201.5253,718201.5253,718201.5253,718201.5253,718201.5253,718201.5253,718201.5253,718201.5253,718201.5253,718201.5253,718201.5253,718201.5253,718201.5253
4/29/2011 0:00,0,0,0,0,0,0,0,13666.29489,42627.65404,71852.80492,98407.50279,120600.4225,145624.4726,170160.932,193906.4635,219977.3749,243682.3672,266533.5131,289200.9248,312354.7949,337200.0481,361392.2891,383557.0459,403976.5199,423385.4808,442907.4161,478209.0676,509251.4719,539837.5163,571459.6157,601089.7732,628899.7332,661787.0478,693607.4534,711226.3987,711226.3987,711226.3987,711226.3987,711226.3987,711226.3987,711226.3987,711226.3987,711226.3987,711226.3987,711226.3987,711226.3987,711226.3987,711226.3987,711226.3987,711226.3987,711226.3987
4/30/2011 0:00,0,0,0,0,0,0,0,16169.94556,45026.47658,74071.88544,100557.936,122744.6618,147754.4364,172265.5098,195971.5156,221998.6237,245832.8034,268819.8687,291629.9317,314933.1852,339832.4047,364127.6087,386402.7528,406950.6795,426516.8005,446215.6469,481666.8695,512874.817,543662.1804,575541.1807,605491.5493,633503.2636,666621.997,698662.3007,704084.9855,704084.9855,704084.9855,704084.9855,704084.9855,704084.9855,704084.9855,704084.9855,704084.9855,704084.9855,704084.9855,704084.9855,704084.9855,704084.9855,704084.9855,704084.9855,704084.9855
5/1/2011 0:00,0,0,0,0,0,0,0,18651.66797,47394.96154,76261.7771,102683.4619,124862.8681,149857.7454,174343.3149,198010.181,223993.17,247953.8165,271074.0807,294024.0743,317473.9908,342422.2213,366816.8405,389200.1524,409875.6404,429599.358,449479.2311,485070.234,516435.4616,547417.4088,579548.1022,609840.577,638057.7211,671410.8408,696775.178,696775.178,696775.178,696775.178,696775.178,696775.178,696775.178,696775.178,696775.178,696775.178,696775.178,696775.178,696775.178,696775.178,696775.178,696775.178,696775.178,696775.178
5/2/2011 0:00,0,0,0,0,0,0,0,21109.86495,49732.65104,78422.62036,104783.8569,126954.8761,151934.2925,176394.298,200022.4682,225960.9402,250045.333,273296.0755,296383.2794,319977.1382,344970.1228,369460.6845,391950.0195,412752.2522,432634.0782,452699.4816,488420.3244,519934.419,551104.0648,583481.0939,614139.7485,642566.2691,676157.0141,689295.4302,689295.4302,689295.4302,689295.4302,689295.4302,689295.4302,689295.4302,689295.4302,689295.4302,689295.4302,689295.4302,689295.4302,689295.4302,689295.4302,689295.4302,689295.4302,689295.4302,689295.4302
5/3/2011 0:00,0,0,0,0,0,0,0,23543.0734,52039.17602,80554.59926,106858.9023,129020.5251,153983.9749,178418.4147,202008.391,227901.8608,252107.2794,275485.7797,298707.4732,322442.5539,347476.7716,372059.8779,394653.1665,415581.4022,435621.9231,455877.7588,491718.3508,523372.7498,554723.0591,587340.9166,618392.0735,647032.1888,680864.0695,681644.7257,681644.7257,681644.7257,681644.7257,681644.7257,681644.7257,681644.7257,681644.7257,681644.7257,681644.7257,681644.7257,681644.7257,681644.7257,681644.7257,681644.7257,681644.7257,681644.7257,681644.7257
5/4/2011 0:00,0,0,0,0,0,0,0,25949.9617,54314.25366,82657.93887,108908.3842,131059.6592,156006.6948,180415.6251,203967.9675,229815.8584,254139.5822,277643.1198,300996.5824,324870.1644,349942.8676,374615.1957,397310.4428,418364.0151,438563.8923,459015.4703,494965.5713,526751.562,558275.3498,591128.3785,622600.6798,651458.8794,673822.5471,673822.5471,673822.5471,673822.5471,673822.5471,673822.5471,673822.5471,673822.5471,673822.5471,673822.5471,673822.5471,673822.5471,673822.5471,673822.5471,673822.5471,673822.5471,673822.5471,673822.5471,673822.5471
5/5/2011 0:00,0,0,0,0,0,0,1970.095317,28329.32718,56557.68483,84732.90265,110932.0934,133072.1274,158002.3593,182385.8944,205901.221,231702.8595,256142.1679,279768.0222,303250.5334,327259.8961,352369.148,377127.4498,399922.7358,421101.0528,441461.0227,462114.0711,498163.2909,530072.0108,561761.9426,594844.3353,626768.8129,655849.8576,665828.8442,665828.8442,665828.8442,665828.8442,665828.8442,665828.8442,665828.8442,665828.8442,665828.8442,665828.8442,665828.8442,665828.8442,665828.8442,665828.8442,665828.8442,665828.8442,665828.8442,665828.8442,665828.8442
5/6/2011 0:00,0,0,0,0,0,0,4299.272314,30680.09351,58769.35153,86779.78998,112929.8256,135057.7833,159970.8801,184329.1923,207808.1792,233562.7904,258114.963,281860.4135,305469.2528,329611.6757,354756.3873,379597.4899,402490.9698,423793.5147,444314.3887,465175.0637,501312.8623,533335.2991,565183.8901,598489.6902,630899.8359,657664.0028,657664.0028,657664.0028,657664.0028,657664.0028,657664.0028,657664.0028,657664.0028,657664.0028,657664.0028,657664.0028,657664.0028,657664.0028,657664.0028,657664.0028,657664.0028,657664.0028,657664.0028,657664.0028,657664.0028
5/7/2011 0:00,0,0,0,0,0,0,6613.641201,33001.30815,60949.21427,88798.93349,114901.3813,137016.4856,161912.1739,186245.4936,209688.875,235395.5778,260057.894,283920.2201,307652.6669,331925.4295,357105.3977,382026.2029,405016.1066,426442.4377,447125.102,468199.9978,504415.6853,536542.677,568542.2928,602065.3933,634997.2299,649328.8131,649328.8131,649328.8131,649328.8131,649328.8131,649328.8131,649328.8131,649328.8131,649328.8131,649328.8131,649328.8131,649328.8131,649328.8131,649328.8131,649328.8131,649328.8131,649328.8131,649328.8131,649328.8131,649328.8131
5/8/2011 0:00,0,0,0,0,0,0,8910.961896,35292.13977,63097.30953,90790.69654,116846.5658,138948.0974,163826.1619,188134.7776,211543.3457,237201.1481,261970.8874,285947.3686,309800.7023,334201.0841,359417.0284,384414.5131,407499.1456,429048.8958,449894.3117,471190.4707,507473.2074,539695.4418,571838.2982,605572.4427,639064.5938,640824.4387,640824.4387,640824.4387,640824.4387,640824.4387,640824.4387,640824.4387,640824.4387,640824.4387,640824.4387,640824.4387,640824.4387,640824.4387,640824.4387,640824.4387,640824.4387,640824.4387,640824.4387,640824.4387,640824.4387
5/9/2011 0:00,0,0,0,0,0,0,11189.1582,37551.87567,65213.74719,92755.47066,118765.189,140852.487,165712.7704,189997.0286,213371.6338,238979.4278,263853.8696,287941.7854,311913.2856,336438.566,361692.1664,386763.3822,409941.1234,431614.0008,452623.2042,474148.1269,510486.9233,542794.9386,575073.1014,609011.8834,632152.3847,632152.3847,632152.3847,632152.3847,632152.3847,632152.3847,632152.3847,632152.3847,632152.3847,632152.3847,632152.3847,632152.3847,632152.3847,632152.3847,632152.3847,632152.3847,632152.3847,632152.3847,632152.3847,632152.3847,632152.3847
5/10/2011 0:00,0,0,0,0,0,0,13446.31522,39779.91924,67298.70796,94693.67294,120657.0658,142729.5272,167571.9303,191832.2356,215173.7863,240730.3435,265706.7673,289903.397,313990.3431,338637.8016,363931.7358,389073.8094,412343.1141,434138.9015,455313.0037,477074.6582,513458.375,545842.5594,578247.9448,612384.808,623314.467,623314.467,623314.467,623314.467,623314.467,623314.467,623314.467,623314.467,623314.467,623314.467,623314.467,623314.467,623314.467,623314.467,623314.467,623314.467,623314.467,623314.467,623314.467,623314.467,623314.467
5/11/2011 0:00,0,0,0,0,0,0,15680.67682,41975.78734,69352.44079,96605.74346,122522.0159,144579.0957,169403.5774,193640.3924,216949.855,242453.8215,267529.5068,291832.13,316031.8015,340798.7174,366136.6981,391346.8312,414706.2291,436624.7844,457964.9712,479971.8041,516389.152,548839.7441,581364.1181,614312.7802,614312.7802,614312.7802,614312.7802,614312.7802,614312.7802,614312.7802,614312.7802,614312.7802,614312.7802,614312.7802,614312.7802,614312.7802,614312.7802,614312.7802,614312.7802,614312.7802,614312.7802,614312.7802,614312.7802,614312.7802,614312.7802
5/12/2011 0:00,0,0,0,0,0,0,17890.643,44139.10775,71375.26029,98492.14275,124359.8636,146401.0751,171207.6522,195421.4977,218699.8966,244149.7885,269322.0146,293727.9108,318037.5871,342921.2401,368308.0525,393583.5216,417031.6173,439072.8733,460580.4056,482841.3513,519280.8911,551787.9794,584422.9585,605149.667,605149.667,605149.667,605149.667,605149.667,605149.667,605149.667,605149.667,605149.667,605149.667,605149.667,605149.667,605149.667,605149.667,605149.667,605149.667,605149.667,605149.667,605149.667,605149.667,605149.667,605149.667
5/13/2011 0:00,0,0,0,0,0,0,20074.76739,46269.61663,73367.54421,100353.3492,126170.4382,148195.3525,172984.1001,197175.5548,220423.9726,245818.1708,271084.2173,295590.6659,320007.6265,345005.2959,370446.8352,395784.9917,419320.4649,441484.4293,463160.6429,485685.1337,522135.2766,554688.7999,587425.8505,595827.686,595827.686,595827.686,595827.686,595827.686,595827.686,595827.686,595827.686,595827.686,595827.686,595827.686,595827.686,595827.686,595827.686,595827.686,595827.686,595827.686,595827.686,595827.686,595827.686,595827.686,595827.686
5/14/2011 0:00,0,0,0,0,0,0,22231.75463,48367.15589,75329.73081,102189.8565,127953.5738,149961.82,174732.8712,198902.5719,222122.1492,247458.895,272816.0414,297420.3219,321941.8462,347050.8116,372554.1201,397952.3905,421573.9955,443860.7509,465707.0567,488505.0329,524954.0401,557543.7874,586349.581,586349.581,586349.581,586349.581,586349.581,586349.581,586349.581,586349.581,586349.581,586349.581,586349.581,586349.581,586349.581,586349.581,586349.581,586349.581,586349.581,586349.581,586349.581,586349.581,586349.581,586349.581,586349.581
5/15/2011 0:00,0,0,0,0,0,101.640922,24360.4578,50431.67065,77262.31631,104002.171,129709.1091,151700.3746,176453.9204,200602.562,223794.4976,249071.8877,274517.4133,299216.8051,323840.1727,349057.7134,374631.0183,400086.9038,423793.4703,446203.1742,468221.0579,491302.9777,527738.9605,560354.5708,576718.2492,576718.2492,576718.2492,576718.2492,576718.2492,576718.2492,576718.2492,576718.2492,576718.2492,576718.2492,576718.2492,576718.2492,576718.2492,576718.2492,576718.2492,576718.2492,576718.2492,576718.2492,576718.2492,576718.2492,576718.2492,576718.2492,576718.2492
5/16/2011 0:00,0,0,0,0,0,2103.382954,26459.87586,52463.20668,79165.85233,105790.8093,131436.8877,153410.9179,178147.2074,202275.5429,225441.0935,250657.0752,276188.2596,300980.0422,325702.5325,351025.928,376678.6785,402189.7554,425980.1875,448513.0726,470704.0946,494080.9442,530491.8643,563122.8268,566936.7102,566936.7102,566936.7102,566936.7102,566936.7102,566936.7102,566936.7102,566936.7102,566936.7102,566936.7102,566936.7102,566936.7102,566936.7102,566936.7102,566936.7102,566936.7102,566936.7102,566936.7102,566936.7102,566936.7102,566936.7102,566936.7102,566936.7102
5/17/2011 0:00,0,0,0,0,0,4090.935112,28529.15111,54461.90779,81040.9433,107556.2954,133136.758,155093.3564,179812.6968,203921.5372,227062.0175,252214.3841,277828.5067,302709.9596,327528.852,352955.3818,378698.2865,404262.206,428135.4832,450791.8567,473157.6527,496840.9562,533214.6251,557008.0741,557008.0741,557008.0741,557008.0741,557008.0741,557008.0741,557008.0741,557008.0741,557008.0741,557008.0741,557008.0741,557008.0741,557008.0741,557008.0741,557008.0741,557008.0741,557008.0741,557008.0741,557008.0741,557008.0741,557008.0741,557008.0741,557008.0741,557008.0741
5/18/2011 0:00,0,0,0,0,0,6062.083171,30567.56654,56428.0133,82888.24389,109299.1585,134808.5732,156747.6012,181450.3579,205540.5723,228657.3552,253743.7408,279438.0812,304406.4837,329319.0578,354846.0013,380691.0658,406305.5539,430260.7304,453040.9747,475583.2552,499585.0844,535909.1641,546935.5108,546935.5108,546935.5108,546935.5108,546935.5108,546935.5108,546935.5108,546935.5108,546935.5108,546935.5108,546935.5108,546935.5108,546935.5108,546935.5108,546935.5108,546935.5108,546935.5108,546935.5108,546935.5108,546935.5108,546935.5108,546935.5108,546935.5108,546935.5108
5/19/2011 0:00,0,0,0,0,0,8014.79631,32574.54333,58361.85543,84708.45646,111019.9302,136452.1913,158373.5685,183060.1648,207132.6802,230227.1967,255245.0719,281016.9094,306069.5412,331073.0763,356697.7131,382658.2771,408321.1349,432357.3398,455261.9123,477982.4626,502315.4474,536722.218,536722.218,536722.218,536722.218,536722.218,536722.218,536722.218,536722.218,536722.218,536722.218,536722.218,536722.218,536722.218,536722.218,536722.218,536722.218,536722.218,536722.218,536722.218,536722.218,536722.218,536722.218,536722.218,536722.218,536722.218
5/20/2011 0:00,0,0,0,0,0,9947.224545,34549.63823,60263.85676,86502.32844,112719.1416,138067.4751,159971.179,184642.0964,208697.8981,231771.637,256718.3039,282564.918,307699.0584,332790.8341,358510.4436,384601.2186,410310.3221,434426.7594,457456.1922,480356.8728,505034.2108,526371.3903,526371.3903,526371.3903,526371.3903,526371.3903,526371.3903,526371.3903,526371.3903,526371.3903,526371.3903,526371.3903,526371.3903,526371.3903,526371.3903,526371.3903,526371.3903,526371.3903,526371.3903,526371.3903,526371.3903,526371.3903,526371.3903,526371.3903,526371.3903,526371.3903
5/21/2011 0:00,0,0,0,0,0,11857.69616,36492.54105,62134.52763,88270.64982,114397.3217,139654.2921,161540.3585,186196.1363,210236.2675,233290.776,258163.3633,284082.0335,309294.9619,334472.2576,360284.1192,386521.2259,412274.5259,436470.4747,459625.375,482708.121,507743.5876,515886.1873,515886.1873,515886.1873,515886.1873,515886.1873,515886.1873,515886.1873,515886.1873,515886.1873,515886.1873,515886.1873,515886.1873,515886.1873,515886.1873,515886.1873,515886.1873,515886.1873,515886.1873,515886.1873,515886.1873,515886.1873,515886.1873,515886.1873,515886.1873,515886.1873
5/22/2011 0:00,0,0,0,0,0,13744.71511,38403.07199,63974.4636,90014.25054,116054.9937,141212.5146,163081.0372,187722.273,211747.8351,234784.7182,259580.1765,285568.1822,310857.1782,336117.2734,362018.6666,388419.6718,414215.1942,438490.0085,461771.0582,485037.8799,505269.7029,505269.7029,505269.7029,505269.7029,505269.7029,505269.7029,505269.7029,505269.7029,505269.7029,505269.7029,505269.7029,505269.7029,505269.7029,505269.7029,505269.7029,505269.7029,505269.7029,505269.7029,505269.7029,505269.7029,505269.7029,505269.7029,505269.7029,505269.7029,505269.7029,505269.7029
5/23/2011 0:00,0,0,0,0,0,15606.95851,40281.17917,65784.34283,91733.9979,117692.6731,142742.02,164593.1505,189220.4999,213232.6522,236253.5731,260968.6701,287023.2908,312385.6338,337725.8079,363714.0122,390297.9668,416133.8123,440486.9209,463894.8772,487347.8596,494524.9335,494524.9335,494524.9335,494524.9335,494524.9335,494524.9335,494524.9335,494524.9335,494524.9335,494524.9335,494524.9335,494524.9335,494524.9335,494524.9335,494524.9335,494524.9335,494524.9335,494524.9335,494524.9335,494524.9335,494524.9335,494524.9335,494524.9335,494524.9335,494524.9335,494524.9335
5/24/2011 0:00,0,0,0,0,0,17443.27398,42126.93598,67564.92357,93430.79403,119310.8651,144242.69,166076.6384,190690.815,214690.7749,237697.4549,262328.7705,288447.2856,313880.2551,339297.7877,365370.0825,392157.5586,418031.9029,442462.8096,465998.5043,483654.7464,483654.7464,483654.7464,483654.7464,483654.7464,483654.7464,483654.7464,483654.7464,483654.7464,483654.7464,483654.7464,483654.7464,483654.7464,483654.7464,483654.7464,483654.7464,483654.7464,483654.7464,483654.7464,483654.7464,483654.7464,483654.7464,483654.7464,483654.7464,483654.7464,483654.7464,483654.7464
5/25/2011 0:00,0,0,0,0,0,19252.67715,43940.53857,69317.04154,95105.57331,120910.0617,145714.4115,167531.4456,192133.2212,216122.2641,239116.4824,263660.4042,289840.0933,315340.9687,340833.1392,366986.8039,393999.9323,419911.0261,444419.3095,468083.6495,472661.849,472661.849,472661.849,472661.849,472661.849,472661.849,472661.849,472661.849,472661.849,472661.849,472661.849,472661.849,472661.849,472661.849,472661.849,472661.849,472661.849,472661.849,472661.849,472661.849,472661.849,472661.849,472661.849,472661.849,472661.849,472661.849,472661.849
5/26/2011 0:00,0,0,0,0,0,21034.34902,45722.30323,71041.60736,96759.29977,122490.7395,147157.0759,168957.5218,193547.726,217527.1857,240510.7796,264963.4978,291201.6403,316767.7011,342331.7889,368564.1031,395826.6106,421772.7792,446358.0932,461548.7572,461548.7572,461548.7572,461548.7572,461548.7572,461548.7572,461548.7572,461548.7572,461548.7572,461548.7572,461548.7572,461548.7572,461548.7572,461548.7572,461548.7572,461548.7572,461548.7572,461548.7572,461548.7572,461548.7572,461548.7572,461548.7572,461548.7572,461548.7572,461548.7572,461548.7572,461548.7572,461548.7572
5/27/2011 0:00,0,0,0,0,0,22787.63345,47472.66383,72739.60401,98392.96454,124053.3567,148570.5796,170354.8213,194934.342,218905.61,241880.475,266237.9778,292531.853,318160.3787,343793.6633,370101.9064,397639.1532,423618.7973,448280.8703,450317.7638,450317.7638,450317.7638,450317.7638,450317.7638,450317.7638,450317.7638,450317.7638,450317.7638,450317.7638,450317.7638,450317.7638,450317.7638,450317.7638,450317.7638,450317.7638,450317.7638,450317.7638,450317.7638,450317.7638,450317.7638,450317.7638,450317.7638,450317.7638,450317.7638,450317.7638,450317.7638,450317.7638
5/28/2011 0:00,0,0,0,0,915.6900052,24512.03453,49192.16927,74412.08424,100007.5833,125598.3511,149954.8238,171723.3033,196293.0865,220257.6124,243225.7019,267483.7705,293830.6581,319518.9281,345218.6889,371600.1404,399439.1576,425450.7524,438970.9074,438970.9074,438970.9074,438970.9074,438970.9074,438970.9074,438970.9074,438970.9074,438970.9074,438970.9074,438970.9074,438970.9074,438970.9074,438970.9074,438970.9074,438970.9074,438970.9074,438970.9074,438970.9074,438970.9074,438970.9074,438970.9074,438970.9074,438970.9074,438970.9074,438970.9074,438970.9074,438970.9074,438970.9074
5/29/2011 0:00,0,0,0,0,2524.043021,26207.21408,50881.48088,76060.16797,101604.1936,127126.1369,151309.7143,173062.9319,197623.9814,221583.273,244546.5986,268700.8026,295097.9819,320843.2757,346606.7923,373058.7316,401228.2585,427270.3544,427509.9408,427509.9408,427509.9408,427509.9408,427509.9408,427509.9408,427509.9408,427509.9408,427509.9408,427509.9408,427509.9408,427509.9408,427509.9408,427509.9408,427509.9408,427509.9408,427509.9408,427509.9408,427509.9408,427509.9408,427509.9408,427509.9408,427509.9408,427509.9408,427509.9408,427509.9408,427509.9408,427509.9408,427509.9408
5/30/2011 0:00,0,0,0,0,4115.416978,27872.98898,52541.36987,77685.03977,103183.8524,128637.1026,152635.1619,174373.6757,198927.0535,222882.6766,245843.3078,269889.0005,296333.751,322133.3481,347957.8998,374477.6065,403008.128,415936.2999,415936.2999,415936.2999,415936.2999,415936.2999,415936.2999,415936.2999,415936.2999,415936.2999,415936.2999,415936.2999,415936.2999,415936.2999,415936.2999,415936.2999,415936.2999,415936.2999,415936.2999,415936.2999,415936.2999,415936.2999,415936.2999,415936.2999,415936.2999,415936.2999,415936.2999,415936.2999,415936.2999,415936.2999,415936.2999
5/31/2011 0:00,0,0,0,0,5688.331342,29509.32871,54172.71474,79287.94627,104747.6337,130131.6083,153931.082,175655.5084,200202.3346,224155.913,247115.9775,271048.2907,297537.8919,323389.0717,349271.9381,375856.6915,404251.0721,404251.0721,404251.0721,404251.0721,404251.0721,404251.0721,404251.0721,404251.0721,404251.0721,404251.0721,404251.0721,404251.0721,404251.0721,404251.0721,404251.0721,404251.0721,404251.0721,404251.0721,404251.0721,404251.0721,404251.0721,404251.0721,404251.0721,404251.0721,404251.0721,404251.0721,404251.0721,404251.0721,404251.0721,404251.0721,404251.0721
6/1/2011 0:00,0,0,0,0,7241.500793,31116.35267,55776.4987,80870.19355,106296.6253,131609.983,155197.395,176908.4082,201449.861,225403.0767,248364.7602,272178.5997,298710.331,324610.373,350548.8335,377195.9131,392454.9651,392454.9651,392454.9651,392454.9651,392454.9651,392454.9651,392454.9651,392454.9651,392454.9651,392454.9651,392454.9651,392454.9651,392454.9651,392454.9651,392454.9651,392454.9651,392454.9651,392454.9651,392454.9651,392454.9651,392454.9651,392454.9651,392454.9651,392454.9651,392454.9651,392454.9651,392454.9651,392454.9651,392454.9651,392454.9651,392454.9651
6/2/2011 0:00,0,0,0,0,8773.832655,32694.32768,57353.80716,82433.14461,107831.9269,133072.5221,156434.026,178132.3584,202669.6739,226624.2669,249589.8131,273279.854,299850.995,325797.1785,351788.5127,378495.198,380548.2752,380548.2752,380548.2752,380548.2752,380548.2752,380548.2752,380548.2752,380548.2752,380548.2752,380548.2752,380548.2752,380548.2752,380548.2752,380548.2752,380548.2752,380548.2752,380548.2752,380548.2752,380548.2752,380548.2752,380548.2752,380548.2752,380548.2752,380548.2752,380548.2752,380548.2752,380548.2752,380548.2752,380548.2752,380548.2752,380548.2752
6/3/2011 0:00,0,0,0,0,10284.42432,34243.6654,58905.82506,83978.2168,109354.6475,134519.4849,157640.9048,179327.3469,203861.8194,227819.5876,250791.2984,274351.9801,300959.8102,326949.4148,352990.902,368530.8564,368530.8564,368530.8564,368530.8564,368530.8564,368530.8564,368530.8564,368530.8564,368530.8564,368530.8564,368530.8564,368530.8564,368530.8564,368530.8564,368530.8564,368530.8564,368530.8564,368530.8564,368530.8564,368530.8564,368530.8564,368530.8564,368530.8564,368530.8564,368530.8564,368530.8564,368530.8564,368530.8564,368530.8564,368530.8564,368530.8564,368530.8564
6/4/2011 0:00,0,0,0,0,11772.5607,35764.91973,60433.83437,85506.87923,110865.9021,135951.092,158817.966,180493.3664,205026.3482,228989.1478,251969.3831,275394.9045,302036.7031,328067.0083,354155.928,356402.0888,356402.0888,356402.0888,356402.0888,356402.0888,356402.0888,356402.0888,356402.0888,356402.0888,356402.0888,356402.0888,356402.0888,356402.0888,356402.0888,356402.0888,356402.0888,356402.0888,356402.0888,356402.0888,356402.0888,356402.0888,356402.0888,356402.0888,356402.0888,356402.0888,356402.0888,356402.0888,356402.0888,356402.0888,356402.0888,356402.0888,356402.0888
6/5/2011 0:00,0,0,0,0,13237.71159,37258.78424,61939.21151,87020.65017,112366.8102,137367.5227,159965.1493,181630.4145,206163.316,230133.0611,253124.2387,276408.5537,303081.6003,329149.8855,344160.8468,344160.8468,344160.8468,344160.8468,344160.8468,344160.8468,344160.8468,344160.8468,344160.8468,344160.8468,344160.8468,344160.8468,344160.8468,344160.8468,344160.8468,344160.8468,344160.8468,344160.8468,344160.8468,344160.8468,344160.8468,344160.8468,344160.8468,344160.8468,344160.8468,344160.8468,344160.8468,344160.8468,344160.8468,344160.8468,344160.8468,344160.8468,344160.8468
6/6/2011 0:00,0,0,0,0,14679.52919,38726.08963,63423.42474,88521.09456,113858.4923,138768.9123,161082.3988,182738.4935,207272.7831,231251.4459,254256.042,277392.8542,304094.4282,330197.9729,331805.4687,331805.4687,331805.4687,331805.4687,331805.4687,331805.4687,331805.4687,331805.4687,331805.4687,331805.4687,331805.4687,331805.4687,331805.4687,331805.4687,331805.4687,331805.4687,331805.4687,331805.4687,331805.4687,331805.4687,331805.4687,331805.4687,331805.4687,331805.4687,331805.4687,331805.4687,331805.4687,331805.4687,331805.4687,331805.4687,331805.4687,331805.4687,331805.4687
6/7/2011 0:00,0,0,0,0,16097.84546,40167.80113,64888.03164,90009.82135,115342.0679,140155.3497,162169.6636,183817.6105,208354.8146,232344.4255,255364.974,278347.7325,305075.1134,319333.7245,319333.7245,319333.7245,319333.7245,319333.7245,319333.7245,319333.7245,319333.7245,319333.7245,319333.7245,319333.7245,319333.7245,319333.7245,319333.7245,319333.7245,319333.7245,319333.7245,319333.7245,319333.7245,319333.7245,319333.7245,319333.7245,319333.7245,319333.7245,319333.7245,319333.7245,319333.7245,319333.7245,319333.7245,319333.7245,319333.7245,319333.7245,319333.7245,319333.7245
6/8/2011 0:00,0,0,0,0,17492.66956,41585.01594,66334.67648,91488.48099,116818.6525,141526.875,163226.8976,184867.7774,209409.4807,233412.1278,256451.221,279273.115,306023.5823,306742.7845,306742.7845,306742.7845,306742.7845,306742.7845,306742.7845,306742.7845,306742.7845,306742.7845,306742.7845,306742.7845,306742.7845,306742.7845,306742.7845,306742.7845,306742.7845,306742.7845,306742.7845,306742.7845,306742.7845,306742.7845,306742.7845,306742.7845,306742.7845,306742.7845,306742.7845,306742.7845,306742.7845,306742.7845,306742.7845,306742.7845,306742.7845,306742.7845,306742.7845
6/9/2011 0:00,0,0,0,0,18864.1853,42978.96065,67765.0877,92958.7628,118289.3556,142883.4765,164254.0594,185889.0109,210436.856,234454.6859,257514.9739,280168.9284,294029.1888,294029.1888,294029.1888,294029.1888,294029.1888,294029.1888,294029.1888,294029.1888,294029.1888,294029.1888,294029.1888,294029.1888,294029.1888,294029.1888,294029.1888,294029.1888,294029.1888,294029.1888,294029.1888,294029.1888,294029.1888,294029.1888,294029.1888,294029.1888,294029.1888,294029.1888,294029.1888,294029.1888,294029.1888,294029.1888,294029.1888,294029.1888,294029.1888,294029.1888,294029.1888
6/10/2011 0:00,0,0,0,0,20212.74857,44350.98867,69181.07531,94422.39248,119755.2774,144225.0884,165251.1124,186881.3325,211437.02,235472.2372,258556.4282,281035.0989,281188.8148,281188.8148,281188.8148,281188.8148,281188.8148,281188.8148,281188.8148,281188.8148,281188.8148,281188.8148,281188.8148,281188.8148,281188.8148,281188.8148,281188.8148,281188.8148,281188.8148,281188.8148,281188.8148,281188.8148,281188.8148,281188.8148,281188.8148,281188.8148,281188.8148,281188.8148,281188.8148,281188.8148,281188.8148,281188.8148,281188.8148,281188.8148,281188.8148,281188.8148,281188.8148
6/11/2011 0:00,0,0,0,0,21538.88474,45702.57766,70584.52832,95881.12944,121217.507,145551.588,166218.0249,187844.7686,212410.0573,236464.9241,259575.7845,268216.8466,268216.8466,268216.8466,268216.8466,268216.8466,268216.8466,268216.8466,268216.8466,268216.8466,268216.8466,268216.8466,268216.8466,268216.8466,268216.8466,268216.8466,268216.8466,268216.8466,268216.8466,268216.8466,268216.8466,268216.8466,268216.8466,268216.8466,268216.8466,268216.8466,268216.8466,268216.8466,268216.8466,268216.8466,268216.8466,268216.8466,268216.8466,268216.8466,268216.8466,268216.8466,268216.8466
6/12/2011 0:00,0,0,0,0,22843.28609,47035.32696,71977.41219,97336.76431,122677.1192,146862.7936,167154.7699,188779.3502,213356.0568,237432.8939,255107.7435,255107.7435,255107.7435,255107.7435,255107.7435,255107.7435,255107.7435,255107.7435,255107.7435,255107.7435,255107.7435,255107.7435,255107.7435,255107.7435,255107.7435,255107.7435,255107.7435,255107.7435,255107.7435,255107.7435,255107.7435,255107.7435,255107.7435,255107.7435,255107.7435,255107.7435,255107.7435,255107.7435,255107.7435,255107.7435,255107.7435,255107.7435,255107.7435,255107.7435,255107.7435,255107.7435,255107.7435
6/13/2011 0:00,0,0,0,0,24126.80929,48350.95501,73361.76622,98791.11632,124135.1722,148158.4615,168061.3252,189685.1131,214275.1125,238376.2986,241855.2084,241855.2084,241855.2084,241855.2084,241855.2084,241855.2084,241855.2084,241855.2084,241855.2084,241855.2084,241855.2084,241855.2084,241855.2084,241855.2084,241855.2084,241855.2084,241855.2084,241855.2084,241855.2084,241855.2084,241855.2084,241855.2084,241855.2084,241855.2084,241855.2084,241855.2084,241855.2084,241855.2084,241855.2084,241855.2084,241855.2084,241855.2084,241855.2084,241855.2084,241855.2084,241855.2084,241855.2084
6/14/2011 0:00,0,0,0,0,25390.47274,49651.2968,74739.701,100246.0308,125592.705,149438.2835,168937.6735,190562.0981,215167.3233,228452.1564,228452.1564,228452.1564,228452.1564,228452.1564,228452.1564,228452.1564,228452.1564,228452.1564,228452.1564,228452.1564,228452.1564,228452.1564,228452.1564,228452.1564,228452.1564,228452.1564,228452.1564,228452.1564,228452.1564,228452.1564,228452.1564,228452.1564,228452.1564,228452.1564,228452.1564,228452.1564,228452.1564,228452.1564,228452.1564,228452.1564,228452.1564,228452.1564,228452.1564,228452.1564,228452.1564,228452.1564,228452.1564
6/15/2011 0:00,0,0,0,0,26635.45408,50938.30126,76113.39585,101703.3764,127050.7349,150701.8844,169783.802,191410.3507,214890.6837,214890.6837,214890.6837,214890.6837,214890.6837,214890.6837,214890.6837,214890.6837,214890.6837,214890.6837,214890.6837,214890.6837,214890.6837,214890.6837,214890.6837,214890.6837,214890.6837,214890.6837,214890.6837,214890.6837,214890.6837,214890.6837,214890.6837,214890.6837,214890.6837,214890.6837,214890.6837,214890.6837,214890.6837,214890.6837,214890.6837,214890.6837,214890.6837,214890.6837,214890.6837,214890.6837,214890.6837,214890.6837,214890.6837
6/16/2011 0:00,0,0,0,0,27863.08758,52214.02872,77485.09622,103165.0428,128510.2548,151948.8194,170599.7032,192229.921,201162.0362,201162.0362,201162.0362,201162.0362,201162.0362,201162.0362,201162.0362,201162.0362,201162.0362,201162.0362,201162.0362,201162.0362,201162.0362,201162.0362,201162.0362,201162.0362,201162.0362,201162.0362,201162.0362,201162.0362,201162.0362,201162.0362,201162.0362,201162.0362,201162.0362,201162.0362,201162.0362,201162.0362,201162.0362,201162.0362,201162.0362,201162.0362,201162.0362,201162.0362,201162.0362,201162.0362,201162.0362,201162.0362,201162.0362
6/17/2011 0:00,0,0,0,0,29074.86155,53480.64832,78857.11114,104632.938,129972.2307,153178.5716,171385.3738,187256.5778,187256.5778,187256.5778,187256.5778,187256.5778,187256.5778,187256.5778,187256.5778,187256.5778,187256.5778,187256.5778,187256.5778,187256.5778,187256.5778,187256.5778,187256.5778,187256.5778,187256.5778,187256.5778,187256.5778,187256.5778,187256.5778,187256.5778,187256.5778,187256.5778,187256.5778,187256.5778,187256.5778,187256.5778,187256.5778,187256.5778,187256.5778,187256.5778,187256.5778,187256.5778,187256.5778,187256.5778,187256.5778,187256.5778,187256.5778
6/18/2011 0:00,0,0,0,0,30272.41582,54740.43546,80231.81064,106108.9857,131437.599,154390.5493,172140.8158,173163.7593,173163.7593,173163.7593,173163.7593,173163.7593,173163.7593,173163.7593,173163.7593,173163.7593,173163.7593,173163.7593,173163.7593,173163.7593,173163.7593,173163.7593,173163.7593,173163.7593,173163.7593,173163.7593,173163.7593,173163.7593,173163.7593,173163.7593,173163.7593,173163.7593,173163.7593,173163.7593,173163.7593,173163.7593,173163.7593,173163.7593,173163.7593,173163.7593,173163.7593,173163.7593,173163.7593,173163.7593,173163.7593,173163.7593,173163.7593
6/19/2011 0:00,0,0,0,0,31457.53912,55995.76918,81611.62316,107595.1228,132907.2641,155584.0835,158872.0872,158872.0872,158872.0872,158872.0872,158872.0872,158872.0872,158872.0872,158872.0872,158872.0872,158872.0872,158872.0872,158872.0872,158872.0872,158872.0872,158872.0872,158872.0872,158872.0872,158872.0872,158872.0872,158872.0872,158872.0872,158872.0872,158872.0872,158872.0872,158872.0872,158872.0872,158872.0872,158872.0872,158872.0872,158872.0872,158872.0872,158872.0872,158872.0872,158872.0872,158872.0872,158872.0872,158872.0872,158872.0872,158872.0872,158872.0872,158872.0872
6/20/2011 0:00,0,0,0,0,32632.16653,57249.12967,82999.03302,109093.2969,134382.096,144369.0918,144369.0918,144369.0918,144369.0918,144369.0918,144369.0918,144369.0918,144369.0918,144369.0918,144369.0918,144369.0918,144369.0918,144369.0918,144369.0918,144369.0918,144369.0918,144369.0918,144369.0918,144369.0918,144369.0918,144369.0918,144369.0918,144369.0918,144369.0918,144369.0918,144369.0918,144369.0918,144369.0918,144369.0918,144369.0918,144369.0918,144369.0918,144369.0918,144369.0918,144369.0918,144369.0918,144369.0918,144369.0918,144369.0918,144369.0918,144369.0918,144369.0918
6/21/2011 0:00,0,0,0,0,33798.3769,58503.0956,84396.57782,110605.4635,129641.2963,129641.2963,129641.2963,129641.2963,129641.2963,129641.2963,129641.2963,129641.2963,129641.2963,129641.2963,129641.2963,129641.2963,129641.2963,129641.2963,129641.2963,129641.2963,129641.2963,129641.2963,129641.2963,129641.2963,129641.2963,129641.2963,129641.2963,129641.2963,129641.2963,129641.2963,129641.2963,129641.2963,129641.2963,129641.2963,129641.2963,129641.2963,129641.2963,129641.2963,129641.2963,129641.2963,129641.2963,129641.2963,129641.2963,129641.2963,129641.2963,129641.2963,129641.2963
6/22/2011 0:00,0,0,0,0,34958.39029,59760.34163,85806.84585,112133.5836,114674.1851,114674.1851,114674.1851,114674.1851,114674.1851,114674.1851,114674.1851,114674.1851,114674.1851,114674.1851,114674.1851,114674.1851,114674.1851,114674.1851,114674.1851,114674.1851,114674.1851,114674.1851,114674.1851,114674.1851,114674.1851,114674.1851,114674.1851,114674.1851,114674.1851,114674.1851,114674.1851,114674.1851,114674.1851,114674.1851,114674.1851,114674.1851,114674.1851,114674.1851,114674.1851,114674.1851,114674.1851,114674.1851,114674.1851,114674.1851,114674.1851,114674.1851,114674.1851
6/23/2011 0:00,0,0,0,0,36114.56538,61023.63579,87232.47356,99452.17262,99452.17262,99452.17262,99452.17262,99452.17262,99452.17262,99452.17262,99452.17262,99452.17262,99452.17262,99452.17262,99452.17262,99452.17262,99452.17262,99452.17262,99452.17262,99452.17262,99452.17262,99452.17262,99452.17262,99452.17262,99452.17262,99452.17262,99452.17262,99452.17262,99452.17262,99452.17262,99452.17262,99452.17262,99452.17262,99452.17262,99452.17262,99452.17262,99452.17262,99452.17262,99452.17262,99452.17262,99452.17262,99452.17262,99452.17262,99452.17262,99452.17262,99452.17262,99452.17262
6/24/2011 0:00,0,0,0,0,37269.39691,62295.83692,83958.57204,83958.57204,83958.57204,83958.57204,83958.57204,83958.57204,83958.57204,83958.57204,83958.57204,83958.57204,83958.57204,83958.57204,83958.57204,83958.57204,83958.57204,83958.57204,83958.57204,83958.57204,83958.57204,83958.57204,83958.57204,83958.57204,83958.57204,83958.57204,83958.57204,83958.57204,83958.57204,83958.57204,83958.57204,83958.57204,83958.57204,83958.57204,83958.57204,83958.57204,83958.57204,83958.57204,83958.57204,83958.57204,83958.57204,83958.57204,83958.57204,83958.57204,83958.57204,83958.57204,83958.57204
6/25/2011 0:00,0,0,0,0,38425.51311,63579.8921,68175.56358,68175.56358,68175.56358,68175.56358,68175.56358,68175.56358,68175.56358,68175.56358,68175.56358,68175.56358,68175.56358,68175.56358,68175.56358,68175.56358,68175.56358,68175.56358,68175.56358,68175.56358,68175.56358,68175.56358,68175.56358,68175.56358,68175.56358,68175.56358,68175.56358,68175.56358,68175.56358,68175.56358,68175.56358,68175.56358,68175.56358,68175.56358,68175.56358,68175.56358,68175.56358,68175.56358,68175.56358,68175.56358,68175.56358,68175.56358,68175.56358,68175.56358,68175.56358,68175.56358,68175.56358
6/26/2011 0:00,0,0,0,0,39585.67312,52084.16337,52084.16337,52084.16337,52084.16337,52084.16337,52084.16337,52084.16337,52084.16337,52084.16337,52084.16337,52084.16337,52084.16337,52084.16337,52084.16337,52084.16337,52084.16337,52084.16337,52084.16337,52084.16337,52084.16337,52084.16337,52084.16337,52084.16337,52084.16337,52084.16337,52084.16337,52084.16337,52084.16337,52084.16337,52084.16337,52084.16337,52084.16337,52084.16337,52084.16337,52084.16337,52084.16337,52084.16337,52084.16337,52084.16337,52084.16337,52084.16337,52084.16337,52084.16337,52084.16337,52084.16337,52084.16337
6/27/2011 0:00,0,0,0,0,35664.19203,35664.19203,35664.19203,35664.19203,35664.19203,35664.19203,35664.19203,35664.19203,35664.19203,35664.19203,35664.19203,35664.19203,35664.19203,35664.19203,35664.19203,35664.19203,35664.19203,35664.19203,35664.19203,35664.19203,35664.19203,35664.19203,35664.19203,35664.19203,35664.19203,35664.19203,35664.19203,35664.19203,35664.19203,35664.19203,35664.19203,35664.19203,35664.19203,35664.19203,35664.19203,35664.19203,35664.19203,35664.19203,35664.19203,35664.19203,35664.19203,35664.19203,35664.19203,35664.19203,35664.19203,35664.19203,35664.19203
6/28/2011 0:00,0,0,0,0,18894.24327,18894.24327,18894.24327,18894.24327,18894.24327,18894.24327,18894.24327,18894.24327,18894.24327,18894.24327,18894.24327,18894.24327,18894.24327,18894.24327,18894.24327,18894.24327,18894.24327,18894.24327,18894.24327,18894.24327,18894.24327,18894.24327,18894.24327,18894.24327,18894.24327,18894.24327,18894.24327,18894.24327,18894.24327,18894.24327,18894.24327,18894.24327,18894.24327,18894.24327,18894.24327,18894.24327,18894.24327,18894.24327,18894.24327,18894.24327,18894.24327,18894.24327,18894.24327,18894.24327,18894.24327,18894.24327,18894.24327
6/29/2011 0:00,0,0,0,0,1751.652518,1751.652518,1751.652518,1751.652518,1751.652518,1751.652518,1751.652518,1751.652518,1751.652518,1751.652518,1751.652518,1751.652518,1751.652518,1751.652518,1751.652518,1751.652518,1751.652518,1751.652518,1751.652518,1751.652518,1751.652518,1751.652518,1751.652518,1751.652518,1751.652518,1751.652518,1751.652518,1751.652518,1751.652518,1751.652518,1751.652518,1751.652518,1751.652518,1751.652518,1751.652518,1751.652518,1751.652518,1751.652518,1751.652518,1751.652518,1751.652518,1751.652518,1751.652518,1751.652518,1751.652518,1751.652518,1751.652518
6/30/2011 0:00,0,0,0,0,0,0,0,0,0,0,0,0,0,0,0,0,0,0,0,0,0,0,0,0,0,0,0,0,0,0,0,0,0,0,0,0,0,0,0,0,0,0,0,0,0,0,0,0,0,0,0
7/1/2011 0:00,0,0,0,0,0,0,0,0,0,0,0,0,0,0,0,0,0,0,0,0,0,0,0,0,0,0,0,0,0,0,0,0,0,0,0,0,0,0,0,0,0,0,0,0,0,0,0,0,0,0,0
10/31/2011 0:00,0,0,0,0,0,0,0,0,0,0,0,0,0,0,0,0,0,0,0,0,0,0,0,0,0,0,0,0,0,0,0,0,0,0,0,0,0,0,0,0,0,0,0,0,0,0,0,0,0,0,0
11/1/2011 0:00,300000,300000,300000,300000,300000,300000,300000,300000,300000,300000,300000,300000,300000,300000,300000,300000,300000,300000,300000,300000,300000,300000,300000,300000,300000,300000,300000,300000,300000,300000,300000,300000,300000,300000,300000,300000,300000,300000,300000,300000,300000,300000,300000,300000,300000,300000,300000,300000,300000,300000,300000
12/31/2011 0:00,300000,300000,300000,300000,300000,300000,300000,300000,300000,300000,300000,300000,300000,300000,300000,300000,300000,300000,300000,300000,300000,300000,300000,300000,300000,300000,300000,300000,300000,300000,300000,300000,300000,300000,300000,300000,300000,300000,300000,300000,300000,300000,300000,300000,300000,300000,300000,300000,300000,300000,300000
